ID;TIME;AMT;CONC;DV;MDV;LIMIT;CENS;LLOQ;OCC;Anaesthesia;Breed;Weight;Age;Sex;dose regimen;Study;LC method
1;0;10;.;.;1;.;0;0.05;1;0;BEAGLE;15;.;0;SIMPLE;Serrano2019;A
1;0.08;.;9.59781;9.59781;0;.;0;0.05;1;0;BEAGLE;15;.;0;SIMPLE;Serrano2019;A
1;0.17;.;7.06231;7.06231;0;.;0;0.05;1;0;BEAGLE;15;.;0;SIMPLE;Serrano2019;A
1;0.25;.;4.0486;4.0486;0;.;0;0.05;1;0;BEAGLE;15;.;0;SIMPLE;Serrano2019;A
1;0.5;.;4.74487;4.74487;0;.;0;0.05;1;0;BEAGLE;15;.;0;SIMPLE;Serrano2019;A
1;0.75;.;1.85161;1.85161;0;.;0;0.05;1;0;BEAGLE;15;.;0;SIMPLE;Serrano2019;A
1;1;.;1.94836;1.94836;0;.;0;0.05;1;0;BEAGLE;15;.;0;SIMPLE;Serrano2019;A
1;1.5;.;0.320748;0.320748;0;.;0;0.05;1;0;BEAGLE;15;.;0;SIMPLE;Serrano2019;A
1;2;.;0.320229;0.320229;0;.;0;0.05;1;0;BEAGLE;15;.;0;SIMPLE;Serrano2019;A
1;3;.;0.0763147;0.0763147;0;.;0;0.05;1;0;BEAGLE;15;.;0;SIMPLE;Serrano2019;A
1;4;.;0.05545;0.05545;0;.;0;0.05;1;0;BEAGLE;15;.;0;SIMPLE;Serrano2019;A
1;6;.;.;.;1;.;0;0.05;1;0;BEAGLE;15;.;0;SIMPLE;Serrano2019;A
1;8;.;.;.;1;.;0;0.05;1;0;BEAGLE;15;.;0;SIMPLE;Serrano2019;A
1;12;.;.;.;1;.;0;0.05;1;0;BEAGLE;15;.;0;SIMPLE;Serrano2019;A
1;0;20;.;.;1;.;0;0.05;2;0;BEAGLE;13.7;.;0;SIMPLE;Serrano2019;A
1;0.08;.;18.627952;18.627952;0;.;0;0.05;2;0;BEAGLE;13.7;.;0;SIMPLE;Serrano2019;A
1;0.17;.;16.35568;16.35568;0;.;0;0.05;2;0;BEAGLE;13.7;.;0;SIMPLE;Serrano2019;A
1;0.25;.;15.6974224;15.6974224;0;.;0;0.05;2;0;BEAGLE;13.7;.;0;SIMPLE;Serrano2019;A
1;0.5;.;12.0907184;12.0907184;0;.;0;0.05;2;0;BEAGLE;13.7;.;0;SIMPLE;Serrano2019;A
1;0.75;.;10.275624;10.275624;0;.;0;0.05;2;0;BEAGLE;13.7;.;0;SIMPLE;Serrano2019;A
1;1;.;7.9478432;7.9478432;0;.;0;0.05;2;0;BEAGLE;13.7;.;0;SIMPLE;Serrano2019;A
1;1.5;.;2.54878544;2.54878544;0;.;0;0.05;2;0;BEAGLE;13.7;.;0;SIMPLE;Serrano2019;A
1;2;.;0.867445438;0.867445438;0;.;0;0.05;2;0;BEAGLE;13.7;.;0;SIMPLE;Serrano2019;A
1;3;.;0.695195;0.695195;0;.;0;0.05;2;0;BEAGLE;13.7;.;0;SIMPLE;Serrano2019;A
1;4;.;0.353366938;0.353366938;0;.;0;0.05;2;0;BEAGLE;13.7;.;0;SIMPLE;Serrano2019;A
1;6;.;0.108865544;0.108865544;0;.;0;0.05;2;0;BEAGLE;13.7;.;0;SIMPLE;Serrano2019;A
1;8;.;.;.;1;.;0;0.05;2;0;BEAGLE;13.7;.;0;SIMPLE;Serrano2019;A
1;12;.;.;.;1;.;0;0.05;2;0;BEAGLE;13.7;.;0;SIMPLE;Serrano2019;A
2;0;20;.;.;1;.;0;0.05;1;0;BEAGLE;12.5;.;0;SIMPLE;Serrano2019;A
2;0.08;.;25.4444;25.4444;0;.;0;0.05;1;0;BEAGLE;12.5;.;0;SIMPLE;Serrano2019;A
2;0.17;.;19.7373;19.7373;0;.;0;0.05;1;0;BEAGLE;12.5;.;0;SIMPLE;Serrano2019;A
2;0.25;.;15.6663;15.6663;0;.;0;0.05;1;0;BEAGLE;12.5;.;0;SIMPLE;Serrano2019;A
2;0.5;.;11.78806;11.78806;0;.;0;0.05;1;0;BEAGLE;12.5;.;0;SIMPLE;Serrano2019;A
2;0.75;.;8.43357;8.43357;0;.;0;0.05;1;0;BEAGLE;12.5;.;0;SIMPLE;Serrano2019;A
2;1;.;3.931087;3.931087;0;.;0;0.05;1;0;BEAGLE;12.5;.;0;SIMPLE;Serrano2019;A
2;1.5;.;1.485035;1.485035;0;.;0;0.05;1;0;BEAGLE;12.5;.;0;SIMPLE;Serrano2019;A
2;2;.;0.971675;0.971675;0;.;0;0.05;1;0;BEAGLE;12.5;.;0;SIMPLE;Serrano2019;A
2;3;.;0.2779515;0.2779515;0;.;0;0.05;1;0;BEAGLE;12.5;.;0;SIMPLE;Serrano2019;A
2;4;.;0.1615201;0.1615201;0;.;0;0.05;1;0;BEAGLE;12.5;.;0;SIMPLE;Serrano2019;A
2;6;.;0.10528594;0.10528594;0;.;0;0.05;1;0;BEAGLE;12.5;.;0;SIMPLE;Serrano2019;A
2;8;.;0.0635545;0.0635545;0;.;0;0.05;1;0;BEAGLE;12.5;.;0;SIMPLE;Serrano2019;A
2;12;.;.;.;1;.;0;0.05;1;0;BEAGLE;12.5;.;0;SIMPLE;Serrano2019;A
2;0;10;.;.;1;.;0;0.05;2;0;BEAGLE;11.6;.;0;SIMPLE;Serrano2019;A
2;0.08;.;9.91021;9.91021;0;.;0;0.05;2;0;BEAGLE;11.6;.;0;SIMPLE;Serrano2019;A
2;0.17;.;6.76314;6.76314;0;.;0;0.05;2;0;BEAGLE;11.6;.;0;SIMPLE;Serrano2019;A
2;0.25;.;5.35009;5.35009;0;.;0;0.05;2;0;BEAGLE;11.6;.;0;SIMPLE;Serrano2019;A
2;0.5;.;6.42041;6.42041;0;.;0;0.05;2;0;BEAGLE;11.6;.;0;SIMPLE;Serrano2019;A
2;0.75;.;2.11231;2.11231;0;.;0;0.05;2;0;BEAGLE;11.6;.;0;SIMPLE;Serrano2019;A
2;1;.;0.772179;0.772179;0;.;0;0.05;2;0;BEAGLE;11.6;.;0;SIMPLE;Serrano2019;A
2;1.5;.;1.08007;1.08007;0;.;0;0.05;2;0;BEAGLE;11.6;.;0;SIMPLE;Serrano2019;A
2;2;.;0.684422;0.684422;0;.;0;0.05;2;0;BEAGLE;11.6;.;0;SIMPLE;Serrano2019;A
2;3;.;0.179481;0.179481;0;.;0;0.05;2;0;BEAGLE;11.6;.;0;SIMPLE;Serrano2019;A
2;4;.;0.100946;0.100946;0;.;0;0.05;2;0;BEAGLE;11.6;.;0;SIMPLE;Serrano2019;A
2;6;.;.;.;1;.;0;0.05;2;0;BEAGLE;11.6;.;0;SIMPLE;Serrano2019;A
2;8;.;.;.;1;.;0;0.05;2;0;BEAGLE;11.6;.;0;SIMPLE;Serrano2019;A
2;12;.;.;.;1;.;0;0.05;2;0;BEAGLE;11.6;.;0;SIMPLE;Serrano2019;A
3;0;10;.;.;1;.;0;0.05;1;0;BEAGLE;16;.;0;SIMPLE;Serrano2019;A
3;0.08;.;7.06919;7.06919;0;.;0;0.05;1;0;BEAGLE;16;.;0;SIMPLE;Serrano2019;A
3;0.17;.;6.79726;6.79726;0;.;0;0.05;1;0;BEAGLE;16;.;0;SIMPLE;Serrano2019;A
3;0.25;.;4.11772;4.11772;0;.;0;0.05;1;0;BEAGLE;16;.;0;SIMPLE;Serrano2019;A
3;0.5;.;3.40778;3.40778;0;.;0;0.05;1;0;BEAGLE;16;.;0;SIMPLE;Serrano2019;A
3;0.75;.;1.77206;1.77206;0;.;0;0.05;1;0;BEAGLE;16;.;0;SIMPLE;Serrano2019;A
3;1;.;0.990097;0.990097;0;.;0;0.05;1;0;BEAGLE;16;.;0;SIMPLE;Serrano2019;A
3;1.5;.;0.33046;0.33046;0;.;0;0.05;1;0;BEAGLE;16;.;0;SIMPLE;Serrano2019;A
3;2;.;0.140688;0.140688;0;.;0;0.05;1;0;BEAGLE;16;.;0;SIMPLE;Serrano2019;A
3;3;.;0.1028767;0.1028767;0;.;0;0.05;1;0;BEAGLE;16;.;0;SIMPLE;Serrano2019;A
3;4;.;.;.;1;.;0;0.05;1;0;BEAGLE;16;.;0;SIMPLE;Serrano2019;A
3;6;.;.;.;1;.;0;0.05;1;0;BEAGLE;16;.;0;SIMPLE;Serrano2019;A
3;8;.;.;.;1;.;0;0.05;1;0;BEAGLE;16;.;0;SIMPLE;Serrano2019;A
3;12;.;.;.;1;.;0;0.05;1;0;BEAGLE;16;.;0;SIMPLE;Serrano2019;A
3;0;20;.;.;1;.;0;0.05;2;0;BEAGLE;16.5;.;0;SIMPLE;Serrano2019;A
3;0.08;.;17.064;17.064;0;.;0;0.05;2;0;BEAGLE;16.5;.;0;SIMPLE;Serrano2019;A
3;0.17;.;16.8274;16.8274;0;.;0;0.05;2;0;BEAGLE;16.5;.;0;SIMPLE;Serrano2019;A
3;0.25;.;18.348;18.348;0;.;0;0.05;2;0;BEAGLE;16.5;.;0;SIMPLE;Serrano2019;A
3;0.5;.;5.61764;5.61764;0;.;0;0.05;2;0;BEAGLE;16.5;.;0;SIMPLE;Serrano2019;A
3;0.75;.;4.2824;4.2824;0;.;0;0.05;2;0;BEAGLE;16.5;.;0;SIMPLE;Serrano2019;A
3;1;.;4.48156;4.48156;0;.;0;0.05;2;0;BEAGLE;16.5;.;0;SIMPLE;Serrano2019;A
3;1.5;.;1.37461;1.37461;0;.;0;0.05;2;0;BEAGLE;16.5;.;0;SIMPLE;Serrano2019;A
3;2;.;0.579288;0.579288;0;.;0;0.05;2;0;BEAGLE;16.5;.;0;SIMPLE;Serrano2019;A
3;3;.;0.0947454;0.0947454;0;.;0;0.05;2;0;BEAGLE;16.5;.;0;SIMPLE;Serrano2019;A
3;4;.;0.0576107;0.0576107;0;.;0;0.05;2;0;BEAGLE;16.5;.;0;SIMPLE;Serrano2019;A
3;6;.;.;.;1;.;0;0.05;2;0;BEAGLE;16.5;.;0;SIMPLE;Serrano2019;A
3;8;.;.;.;1;.;0;0.05;2;0;BEAGLE;16.5;.;0;SIMPLE;Serrano2019;A
3;12;.;.;.;1;.;0;0.05;2;0;BEAGLE;16.5;.;0;SIMPLE;Serrano2019;A
4;0;20;.;.;1;.;0;0.05;1;0;BEAGLE;13.5;.;1;SIMPLE;Serrano2019;A
4;0.08;.;27.2311;27.2311;0;.;0;0.05;1;0;BEAGLE;13.5;.;1;SIMPLE;Serrano2019;A
4;0.17;.;18.1655;18.1655;0;.;0;0.05;1;0;BEAGLE;13.5;.;1;SIMPLE;Serrano2019;A
4;0.25;.;15.3425;15.3425;0;.;0;0.05;1;0;BEAGLE;13.5;.;1;SIMPLE;Serrano2019;A
4;0.5;.;7.1138;7.1138;0;.;0;0.05;1;0;BEAGLE;13.5;.;1;SIMPLE;Serrano2019;A
4;0.75;.;3.25894;3.25894;0;.;0;0.05;1;0;BEAGLE;13.5;.;1;SIMPLE;Serrano2019;A
4;1;.;1.46798;1.46798;0;.;0;0.05;1;0;BEAGLE;13.5;.;1;SIMPLE;Serrano2019;A
4;1.5;.;0.718268;0.718268;0;.;0;0.05;1;0;BEAGLE;13.5;.;1;SIMPLE;Serrano2019;A
4;2;.;0.114666;0.114666;0;.;0;0.05;1;0;BEAGLE;13.5;.;1;SIMPLE;Serrano2019;A
4;3;.;0.188288;0.188288;0;.;0;0.05;1;0;BEAGLE;13.5;.;1;SIMPLE;Serrano2019;A
4;4;.;0.0645796;0.0645796;0;.;0;0.05;1;0;BEAGLE;13.5;.;1;SIMPLE;Serrano2019;A
4;6;.;.;.;1;.;0;0.05;1;0;BEAGLE;13.5;.;1;SIMPLE;Serrano2019;A
4;8;.;.;.;1;.;0;0.05;1;0;BEAGLE;13.5;.;1;SIMPLE;Serrano2019;A
4;12;.;.;.;1;.;0;0.05;1;0;BEAGLE;13.5;.;1;SIMPLE;Serrano2019;A
4;12;.;.;.;1;.;0;0.05;1;0;BEAGLE;13.5;.;1;SIMPLE;Serrano2019;A
4;0;10;.;.;0;.;0;0.05;2;0;BEAGLE;13.5;.;1;SIMPLE;Serrano2019;A
4;0.08;.;9.87165;9.87165;0;.;0;0.05;2;0;BEAGLE;13.5;.;1;SIMPLE;Serrano2019;A
4;0.17;.;4.90227;4.90227;0;.;0;0.05;2;0;BEAGLE;13.5;.;1;SIMPLE;Serrano2019;A
4;0.25;.;6.18204;6.18204;0;.;0;0.05;2;0;BEAGLE;13.5;.;1;SIMPLE;Serrano2019;A
4;0.5;.;3.59457;3.59457;0;.;0;0.05;2;0;BEAGLE;13.5;.;1;SIMPLE;Serrano2019;A
4;0.75;.;2.46727;2.46727;0;.;0;0.05;2;0;BEAGLE;13.5;.;1;SIMPLE;Serrano2019;A
4;1;.;1.40003;1.40003;0;.;0;0.05;2;0;BEAGLE;13.5;.;1;SIMPLE;Serrano2019;A
4;1.5;.;0.242808;0.242808;0;.;0;0.05;2;0;BEAGLE;13.5;.;1;SIMPLE;Serrano2019;A
4;2;.;0.101189;0.101189;0;.;0;0.05;2;0;BEAGLE;13.5;.;1;SIMPLE;Serrano2019;A
4;3;.;0.0809373;0.0809373;0;.;0;0.05;2;0;BEAGLE;13.5;.;1;SIMPLE;Serrano2019;A
4;4;.;.;.;1;.;0;0.05;2;0;BEAGLE;13.5;.;1;SIMPLE;Serrano2019;A
4;6;.;.;.;1;.;0;0.05;2;0;BEAGLE;13.5;.;1;SIMPLE;Serrano2019;A
4;8;.;.;.;1;.;0;0.05;2;0;BEAGLE;13.5;.;1;SIMPLE;Serrano2019;A
5;0;10;.;.;1;.;0;0.05;1;0;BEAGLE;15.2;.;0;SIMPLE;Serrano2019;A
5;0.08;.;12.1067;12.1067;0;.;0;0.05;1;0;BEAGLE;15.2;.;0;SIMPLE;Serrano2019;A
5;0.17;.;9.80511;9.80511;0;.;0;0.05;1;0;BEAGLE;15.2;.;0;SIMPLE;Serrano2019;A
5;0.25;.;9.09638;9.09638;0;.;0;0.05;1;0;BEAGLE;15.2;.;0;SIMPLE;Serrano2019;A
5;0.5;.;2.25352;2.25352;0;.;0;0.05;1;0;BEAGLE;15.2;.;0;SIMPLE;Serrano2019;A
5;0.75;.;1.92287;1.92287;0;.;0;0.05;1;0;BEAGLE;15.2;.;0;SIMPLE;Serrano2019;A
5;1;.;1.06426;1.06426;0;.;0;0.05;1;0;BEAGLE;15.2;.;0;SIMPLE;Serrano2019;A
5;1.5;.;0.206361;0.206361;0;.;0;0.05;1;0;BEAGLE;15.2;.;0;SIMPLE;Serrano2019;A
5;2;.;0.114969;0.114969;0;.;0;0.05;1;0;BEAGLE;15.2;.;0;SIMPLE;Serrano2019;A
5;3;.;0.0871394;0.0871394;0;.;0;0.05;1;0;BEAGLE;15.2;.;0;SIMPLE;Serrano2019;A
5;4;.;0.05173035;0.05173035;0;.;0;0.05;1;0;BEAGLE;15.2;.;0;SIMPLE;Serrano2019;A
5;6;.;.;.;1;.;0;0.05;1;0;BEAGLE;15.2;.;0;SIMPLE;Serrano2019;A
5;8;.;.;.;1;.;0;0.05;1;0;BEAGLE;15.2;.;0;SIMPLE;Serrano2019;A
5;12;.;.;.;1;.;0;0.05;1;0;BEAGLE;15.2;.;0;SIMPLE;Serrano2019;A
5;0;20;.;.;1;.;0;0.05;2;0;BEAGLE;15.6;.;0;SIMPLE;Serrano2019;A
5;0.08;.;14.69219;14.69219;0;.;0;0.05;2;0;BEAGLE;15.6;.;0;SIMPLE;Serrano2019;A
5;0.17;.;13.3071;13.3071;0;.;0;0.05;2;0;BEAGLE;15.6;.;0;SIMPLE;Serrano2019;A
5;0.25;.;8.87422;8.87422;0;.;0;0.05;2;0;BEAGLE;15.6;.;0;SIMPLE;Serrano2019;A
5;0.5;.;6.42328;6.42328;0;.;0;0.05;2;0;BEAGLE;15.6;.;0;SIMPLE;Serrano2019;A
5;0.75;.;2.06506;2.06506;0;.;0;0.05;2;0;BEAGLE;15.6;.;0;SIMPLE;Serrano2019;A
5;1;.;1.90873;1.90873;0;.;0;0.05;2;0;BEAGLE;15.6;.;0;SIMPLE;Serrano2019;A
5;1.5;.;0.313689;0.313689;0;.;0;0.05;2;0;BEAGLE;15.6;.;0;SIMPLE;Serrano2019;A
5;2;.;0.25659;0.25659;0;.;0;0.05;2;0;BEAGLE;15.6;.;0;SIMPLE;Serrano2019;A
5;3;.;0.053634;0.053634;0;.;0;0.05;2;0;BEAGLE;15.6;.;0;SIMPLE;Serrano2019;A
5;4;.;0.05116454;0.05116454;0;.;0;0.05;2;0;BEAGLE;15.6;.;0;SIMPLE;Serrano2019;A
5;6;.;.;.;1;.;0;0.05;2;0;BEAGLE;15.6;.;0;SIMPLE;Serrano2019;A
5;8;.;.;.;1;.;0;0.05;2;0;BEAGLE;15.6;.;0;SIMPLE;Serrano2019;A
5;12;.;.;.;1;.;0;0.05;2;0;BEAGLE;15.6;.;0;SIMPLE;Serrano2019;A
6;0;20;.;.;1;.;0;0.05;1;0;BEAGLE;14.5;.;1;SIMPLE;Serrano2019;A
6;0.08;.;21.7662;21.7662;0;.;0;0.05;1;0;BEAGLE;14.5;.;1;SIMPLE;Serrano2019;A
6;0.17;.;20.806;20.806;0;.;0;0.05;1;0;BEAGLE;14.5;.;1;SIMPLE;Serrano2019;A
6;0.25;.;15.5524;15.5524;0;.;0;0.05;1;0;BEAGLE;14.5;.;1;SIMPLE;Serrano2019;A
6;0.5;.;11.3238;11.3238;0;.;0;0.05;1;0;BEAGLE;14.5;.;1;SIMPLE;Serrano2019;A
6;0.75;.;9.09683;9.09683;0;.;0;0.05;1;0;BEAGLE;14.5;.;1;SIMPLE;Serrano2019;A
6;1;.;4.07693;4.07693;0;.;0;0.05;1;0;BEAGLE;14.5;.;1;SIMPLE;Serrano2019;A
6;1.5;.;1.81641;1.81641;0;.;0;0.05;1;0;BEAGLE;14.5;.;1;SIMPLE;Serrano2019;A
6;2;.;1.51297;1.51297;0;.;0;0.05;1;0;BEAGLE;14.5;.;1;SIMPLE;Serrano2019;A
6;3;.;0.747935;0.747935;0;.;0;0.05;1;0;BEAGLE;14.5;.;1;SIMPLE;Serrano2019;A
6;4;.;0.145801;0.145801;0;.;0;0.05;1;0;BEAGLE;14.5;.;1;SIMPLE;Serrano2019;A
6;6;.;0.10321;0.10321;0;.;0;0.05;1;0;BEAGLE;14.5;.;1;SIMPLE;Serrano2019;A
6;8;.;0.07541;0.07541;0;.;0;0.05;1;0;BEAGLE;14.5;.;1;SIMPLE;Serrano2019;A
6;12;.;.;.;1;.;0;0.05;1;0;BEAGLE;14.5;.;1;SIMPLE;Serrano2019;A
6;0;10;.;.;1;.;0;0.05;2;0;BEAGLE;14.7;.;1;SIMPLE;Serrano2019;A
6;0.08;.;10.1611;10.1611;0;.;0;0.05;2;0;BEAGLE;14.7;.;1;SIMPLE;Serrano2019;A
6;0.17;.;8.13178;8.13178;0;.;0;0.05;2;0;BEAGLE;14.7;.;1;SIMPLE;Serrano2019;A
6;0.25;.;7.00781;7.00781;0;.;0;0.05;2;0;BEAGLE;14.7;.;1;SIMPLE;Serrano2019;A
6;0.5;.;3.81391;3.81391;0;.;0;0.05;2;0;BEAGLE;14.7;.;1;SIMPLE;Serrano2019;A
6;0.75;.;2.90595;2.90595;0;.;0;0.05;2;0;BEAGLE;14.7;.;1;SIMPLE;Serrano2019;A
6;1;.;1.8863;1.8863;0;.;0;0.05;2;0;BEAGLE;14.7;.;1;SIMPLE;Serrano2019;A
6;1.5;.;0.577608;0.577608;0;.;0;0.05;2;0;BEAGLE;14.7;.;1;SIMPLE;Serrano2019;A
6;2;.;0.253807;0.253807;0;.;0;0.05;2;0;BEAGLE;14.7;.;1;SIMPLE;Serrano2019;A
6;3;.;0.1505031;0.1505031;0;.;0;0.05;2;0;BEAGLE;14.7;.;1;SIMPLE;Serrano2019;A
6;4;.;0.0728695;0.0728695;0;.;0;0.05;2;0;BEAGLE;14.7;.;1;SIMPLE;Serrano2019;A
6;6;.;0.050032;0.050032;0;.;0;0.05;2;0;BEAGLE;14.7;.;1;SIMPLE;Serrano2019;A
6;8;.;.;.;1;.;0;0.05;2;0;BEAGLE;14.7;.;1;SIMPLE;Serrano2019;A
6;12;.;.;.;1;.;0;0.05;2;0;BEAGLE;14.7;.;1;SIMPLE;Serrano2019;A
7;0;10;.;.;1;.;0;0.05;1;0;BEAGLE;14.6;.;0;SIMPLE;Serrano2019;A
7;0.08;.;9.25083;9.25083;0;.;0;0.05;1;0;BEAGLE;14.6;.;0;SIMPLE;Serrano2019;A
7;0.17;.;7.80838;7.80838;0;.;0;0.05;1;0;BEAGLE;14.6;.;0;SIMPLE;Serrano2019;A
7;0.25;.;7.69209;7.69209;0;.;0;0.05;1;0;BEAGLE;14.6;.;0;SIMPLE;Serrano2019;A
7;0.5;.;4.59169;4.59169;0;.;0;0.05;1;0;BEAGLE;14.6;.;0;SIMPLE;Serrano2019;A
7;0.75;.;2.70975;2.70975;0;.;0;0.05;1;0;BEAGLE;14.6;.;0;SIMPLE;Serrano2019;A
7;1;.;1.10494;1.10494;0;.;0;0.05;1;0;BEAGLE;14.6;.;0;SIMPLE;Serrano2019;A
7;1.5;.;0.449902;0.449902;0;.;0;0.05;1;0;BEAGLE;14.6;.;0;SIMPLE;Serrano2019;A
7;2;.;0.158821;0.158821;0;.;0;0.05;1;0;BEAGLE;14.6;.;0;SIMPLE;Serrano2019;A
7;3;.;0.0581585;0.0581585;0;.;0;0.05;1;0;BEAGLE;14.6;.;0;SIMPLE;Serrano2019;A
7;4;.;.;.;1;.;0;0.05;1;0;BEAGLE;14.6;.;0;SIMPLE;Serrano2019;A
7;6;.;.;.;1;.;0;0.05;1;0;BEAGLE;14.6;.;0;SIMPLE;Serrano2019;A
7;8;.;.;.;1;.;0;0.05;1;0;BEAGLE;14.6;.;0;SIMPLE;Serrano2019;A
7;12;.;.;.;1;.;0;0.05;1;0;BEAGLE;14.6;.;0;SIMPLE;Serrano2019;A
7;0;20;.;.;1;.;0;0.05;2;0;BEAGLE;15;.;0;SIMPLE;Serrano2019;A
7;0.08;.;20.2216;20.2216;0;.;0;0.05;2;0;BEAGLE;15;.;0;SIMPLE;Serrano2019;A
7;0.17;.;10.5252;10.5252;0;.;0;0.05;2;0;BEAGLE;15;.;0;SIMPLE;Serrano2019;A
7;0.25;.;11.6325;11.6325;0;.;0;0.05;2;0;BEAGLE;15;.;0;SIMPLE;Serrano2019;A
7;0.5;.;7.678;7.678;0;.;0;0.05;2;0;BEAGLE;15;.;0;SIMPLE;Serrano2019;A
7;0.75;.;5.54405;5.54405;0;.;0;0.05;2;0;BEAGLE;15;.;0;SIMPLE;Serrano2019;A
7;1;.;4.1625;4.1625;0;.;0;0.05;2;0;BEAGLE;15;.;0;SIMPLE;Serrano2019;A
7;1.5;.;1.93369;1.93369;0;.;0;0.05;2;0;BEAGLE;15;.;0;SIMPLE;Serrano2019;A
7;2;.;0.795705;0.795705;0;.;0;0.05;2;0;BEAGLE;15;.;0;SIMPLE;Serrano2019;A
7;3;.;0.411318;0.411318;0;.;0;0.05;2;0;BEAGLE;15;.;0;SIMPLE;Serrano2019;A
7;4;.;0.402895;0.402895;0;.;0;0.05;2;0;BEAGLE;15;.;0;SIMPLE;Serrano2019;A
7;6;.;.;.;1;.;0;0.05;2;0;BEAGLE;15;.;0;SIMPLE;Serrano2019;A
7;8;.;.;.;1;.;0;0.05;2;0;BEAGLE;15;.;0;SIMPLE;Serrano2019;A
7;12;.;.;.;1;.;0;0.05;2;0;BEAGLE;15;.;0;SIMPLE;Serrano2019;A
8;0;20;.;.;1;.;0;0.05;1;0;BEAGLE;12;.;0;SIMPLE;Serrano2019;A
8;0.08;.;21.2876;21.2876;0;.;0;0.05;1;0;BEAGLE;12;.;0;SIMPLE;Serrano2019;A
8;0.17;.;18.733;18.733;0;.;0;0.05;1;0;BEAGLE;12;.;0;SIMPLE;Serrano2019;A
8;0.25;.;14.9123;14.9123;0;.;0;0.05;1;0;BEAGLE;12;.;0;SIMPLE;Serrano2019;A
8;0.5;.;11.2413;11.2413;0;.;0;0.05;1;0;BEAGLE;12;.;0;SIMPLE;Serrano2019;A
8;0.75;.;6.69963;6.69963;0;.;0;0.05;1;0;BEAGLE;12;.;0;SIMPLE;Serrano2019;A
8;1;.;2.31836;2.31836;0;.;0;0.05;1;0;BEAGLE;12;.;0;SIMPLE;Serrano2019;A
8;1.5;.;1.27824;1.27824;0;.;0;0.05;1;0;BEAGLE;12;.;0;SIMPLE;Serrano2019;A
8;2;.;0.315163;0.315163;0;.;0;0.05;1;0;BEAGLE;12;.;0;SIMPLE;Serrano2019;A
8;3;.;0.279162;0.279162;0;.;0;0.05;1;0;BEAGLE;12;.;0;SIMPLE;Serrano2019;A
8;4;.;0.166899;0.166899;0;.;0;0.05;1;0;BEAGLE;12;.;0;SIMPLE;Serrano2019;A
8;6;.;0.101766;0.101766;0;.;0;0.05;1;0;BEAGLE;12;.;0;SIMPLE;Serrano2019;A
8;8;.;.;.;1;.;0;0.05;1;0;BEAGLE;12;.;0;SIMPLE;Serrano2019;A
8;12;.;.;.;1;.;0;0.05;1;0;BEAGLE;12;.;0;SIMPLE;Serrano2019;A
8;0;10;.;.;1;.;0;0.05;2;0;BEAGLE;11;.;0;SIMPLE;Serrano2019;A
8;0.08;.;10.036;10.036;0;.;0;0.05;2;0;BEAGLE;11;.;0;SIMPLE;Serrano2019;A
8;0.17;.;9.05018;9.05018;0;.;0;0.05;2;0;BEAGLE;11;.;0;SIMPLE;Serrano2019;A
8;0.25;.;6.03004;6.03004;0;.;0;0.05;2;0;BEAGLE;11;.;0;SIMPLE;Serrano2019;A
8;0.5;.;8.4906;8.4906;0;.;0;0.05;2;0;BEAGLE;11;.;0;SIMPLE;Serrano2019;A
8;0.75;.;3.59248;3.59248;0;.;0;0.05;2;0;BEAGLE;11;.;0;SIMPLE;Serrano2019;A
8;1;.;1.29635;1.29635;0;.;0;0.05;2;0;BEAGLE;11;.;0;SIMPLE;Serrano2019;A
8;1.5;.;1.76163;1.76163;0;.;0;0.05;2;0;BEAGLE;11;.;0;SIMPLE;Serrano2019;A
8;2;.;0.963162;0.963162;0;.;0;0.05;2;0;BEAGLE;11;.;0;SIMPLE;Serrano2019;A
8;3;.;0.157712;0.157712;0;.;0;0.05;2;0;BEAGLE;11;.;0;SIMPLE;Serrano2019;A
8;4;.;.;.;1;.;0;0.05;2;0;BEAGLE;11;.;0;SIMPLE;Serrano2019;A
8;6;.;.;.;1;.;0;0.05;2;0;BEAGLE;11;.;0;SIMPLE;Serrano2019;A
8;8;.;.;.;1;.;0;0.05;2;0;BEAGLE;11;.;0;SIMPLE;Serrano2019;A
8;12;.;.;.;1;.;0;0.05;2;0;BEAGLE;11;.;0;SIMPLE;Serrano2019;A
9;0;10;.;.;1;.;0;0.05;1;0;BEAGLE;15.2;.;1;SIMPLE;Serrano2019;A
9;0.08;.;11.5445;11.5445;0;.;0;0.05;1;0;BEAGLE;15.2;.;1;SIMPLE;Serrano2019;A
9;0.17;.;7.20315;7.20315;0;.;0;0.05;1;0;BEAGLE;15.2;.;1;SIMPLE;Serrano2019;A
9;0.25;.;5.70463;5.70463;0;.;0;0.05;1;0;BEAGLE;15.2;.;1;SIMPLE;Serrano2019;A
9;0.5;.;3.06313;3.06313;0;.;0;0.05;1;0;BEAGLE;15.2;.;1;SIMPLE;Serrano2019;A
9;0.75;.;2.14152;2.14152;0;.;0;0.05;1;0;BEAGLE;15.2;.;1;SIMPLE;Serrano2019;A
9;1;.;1.89803;1.89803;0;.;0;0.05;1;0;BEAGLE;15.2;.;1;SIMPLE;Serrano2019;A
9;1.5;.;0.684347;0.684347;0;.;0;0.05;1;0;BEAGLE;15.2;.;1;SIMPLE;Serrano2019;A
9;2;.;0.438755;0.438755;0;.;0;0.05;1;0;BEAGLE;15.2;.;1;SIMPLE;Serrano2019;A
9;3;.;.;.;1;.;0;0.05;1;0;BEAGLE;15.2;.;1;SIMPLE;Serrano2019;A
9;4;.;.;.;1;.;0;0.05;1;0;BEAGLE;15.2;.;1;SIMPLE;Serrano2019;A
9;6;.;.;.;1;.;0;0.05;1;0;BEAGLE;15.2;.;1;SIMPLE;Serrano2019;A
9;8;.;.;.;1;.;0;0.05;1;0;BEAGLE;15.2;.;1;SIMPLE;Serrano2019;A
9;12;.;.;.;1;.;0;0.05;1;0;BEAGLE;15.2;.;1;SIMPLE;Serrano2019;A
9;0;20;.;.;1;.;0;0.05;2;0;BEAGLE;13.7;.;1;SIMPLE;Serrano2019;A
9;0.08;.;15.656;15.656;0;.;0;0.05;2;0;BEAGLE;13.7;.;1;SIMPLE;Serrano2019;A
9;0.17;.;13.1184;13.1184;0;.;0;0.05;2;0;BEAGLE;13.7;.;1;SIMPLE;Serrano2019;A
9;0.25;.;11.9011;11.9011;0;.;0;0.05;2;0;BEAGLE;13.7;.;1;SIMPLE;Serrano2019;A
9;0.5;.;4.03698;4.03698;0;.;0;0.05;2;0;BEAGLE;13.7;.;1;SIMPLE;Serrano2019;A
9;0.75;.;5.22036;5.22036;0;.;0;0.05;2;0;BEAGLE;13.7;.;1;SIMPLE;Serrano2019;A
9;1;.;2.20802;2.20802;0;.;0;0.05;2;0;BEAGLE;13.7;.;1;SIMPLE;Serrano2019;A
9;1.5;.;1.06666;1.06666;0;.;0;0.05;2;0;BEAGLE;13.7;.;1;SIMPLE;Serrano2019;A
9;2;.;0.293086;0.293086;0;.;0;0.05;2;0;BEAGLE;13.7;.;1;SIMPLE;Serrano2019;A
9;3;.;0.093867;0.093867;0;.;0;0.05;2;0;BEAGLE;13.7;.;1;SIMPLE;Serrano2019;A
9;4;.;0.06349672;0.06349672;0;.;0;0.05;2;0;BEAGLE;13.7;.;1;SIMPLE;Serrano2019;A
9;6;.;0.058055888;0.058055888;0;.;0;0.05;2;0;BEAGLE;13.7;.;1;SIMPLE;Serrano2019;A
9;8;.;.;.;1;.;0;0.05;2;0;BEAGLE;13.7;.;1;SIMPLE;Serrano2019;A
9;12;.;.;.;1;.;0;0.05;2;0;BEAGLE;13.7;.;1;SIMPLE;Serrano2019;A
10;0;20;.;.;1;.;0;0.05;1;0;BEAGLE;13.7;.;0;SIMPLE;Serrano2019;A
10;0.08;.;16.79;16.79;0;.;0;0.05;1;0;BEAGLE;13.7;.;0;SIMPLE;Serrano2019;A
10;0.17;.;11.1726;11.1726;0;.;0;0.05;1;0;BEAGLE;13.7;.;0;SIMPLE;Serrano2019;A
10;0.25;.;8.69308;8.69308;0;.;0;0.05;1;0;BEAGLE;13.7;.;0;SIMPLE;Serrano2019;A
10;0.5;.;3.80574;3.80574;0;.;0;0.05;1;0;BEAGLE;13.7;.;0;SIMPLE;Serrano2019;A
10;0.75;.;2.10226;2.10226;0;.;0;0.05;1;0;BEAGLE;13.7;.;0;SIMPLE;Serrano2019;A
10;1;.;1.30102;1.30102;0;.;0;0.05;1;0;BEAGLE;13.7;.;0;SIMPLE;Serrano2019;A
10;1.5;.;0.253785;0.253785;0;.;0;0.05;1;0;BEAGLE;13.7;.;0;SIMPLE;Serrano2019;A
10;2;.;0.31245;0.31245;0;.;0;0.05;1;0;BEAGLE;13.7;.;0;SIMPLE;Serrano2019;A
10;3;.;0.150213;0.150213;0;.;0;0.05;1;0;BEAGLE;13.7;.;0;SIMPLE;Serrano2019;A
10;4;.;0.05223595;0.05223595;0;.;0;0.05;1;0;BEAGLE;13.7;.;0;SIMPLE;Serrano2019;A
10;6;.;.;.;1;.;0;0.05;1;0;BEAGLE;13.7;.;0;SIMPLE;Serrano2019;A
10;8;.;.;.;1;.;0;0.05;1;0;BEAGLE;13.7;.;0;SIMPLE;Serrano2019;A
10;12;.;.;.;1;.;0;0.05;1;0;BEAGLE;13.7;.;0;SIMPLE;Serrano2019;A
10;0;10;.;.;1;.;0;0.05;2;0;BEAGLE;13.3;.;0;SIMPLE;Serrano2019;A
10;0.08;.;8.52729;8.52729;0;.;0;0.05;2;0;BEAGLE;13.3;.;0;SIMPLE;Serrano2019;A
10;0.17;.;8.83708;8.83708;0;.;0;0.05;2;0;BEAGLE;13.3;.;0;SIMPLE;Serrano2019;A
10;0.25;.;5.53672;5.53672;0;.;0;0.05;2;0;BEAGLE;13.3;.;0;SIMPLE;Serrano2019;A
10;0.5;.;3.97851;3.97851;0;.;0;0.05;2;0;BEAGLE;13.3;.;0;SIMPLE;Serrano2019;A
10;0.75;.;2.25302;2.25302;0;.;0;0.05;2;0;BEAGLE;13.3;.;0;SIMPLE;Serrano2019;A
10;1;.;1.68549;1.68549;0;.;0;0.05;2;0;BEAGLE;13.3;.;0;SIMPLE;Serrano2019;A
10;1.5;.;1.01466;1.01466;0;.;0;0.05;2;0;BEAGLE;13.3;.;0;SIMPLE;Serrano2019;A
10;2;.;0.375223;0.375223;0;.;0;0.05;2;0;BEAGLE;13.3;.;0;SIMPLE;Serrano2019;A
10;3;.;0.21011;0.21011;0;.;0;0.05;2;0;BEAGLE;13.3;.;0;SIMPLE;Serrano2019;A
10;4;.;.;.;1;.;0;0.05;2;0;BEAGLE;13.3;.;0;SIMPLE;Serrano2019;A
10;6;.;.;.;1;.;0;0.05;2;0;BEAGLE;13.3;.;0;SIMPLE;Serrano2019;A
10;8;.;.;.;1;.;0;0.05;2;0;BEAGLE;13.3;.;0;SIMPLE;Serrano2019;A
10;12;.;.;.;1;.;0;0.05;2;0;BEAGLE;13.3;.;0;SIMPLE;Serrano2019;A
11;0;10;.;.;1;.;0;0.05;1;0;GREYHOUND;28.4;.;0;SIMPLE;Serrano2019;A
11;0.08;.;16.6916;16.6916;0;.;0;0.05;1;0;GREYHOUND;28.4;.;0;SIMPLE;Serrano2019;A
11;0.17;.;13.2111;13.2111;0;.;0;0.05;1;0;GREYHOUND;28.4;.;0;SIMPLE;Serrano2019;A
11;0.25;.;5.20906;5.20906;0;.;0;0.05;1;0;GREYHOUND;28.4;.;0;SIMPLE;Serrano2019;A
11;0.5;.;5.84065;5.84065;0;.;0;0.05;1;0;GREYHOUND;28.4;.;0;SIMPLE;Serrano2019;A
11;0.75;.;3.34453;3.34453;0;.;0;0.05;1;0;GREYHOUND;28.4;.;0;SIMPLE;Serrano2019;A
11;1;.;2.40181;2.40181;0;.;0;0.05;1;0;GREYHOUND;28.4;.;0;SIMPLE;Serrano2019;A
11;1.5;.;0.580366;0.580366;0;.;0;0.05;1;0;GREYHOUND;28.4;.;0;SIMPLE;Serrano2019;A
11;2;.;0.167467;0.167467;0;.;0;0.05;1;0;GREYHOUND;28.4;.;0;SIMPLE;Serrano2019;A
11;3;.;0.0591471;0.0591471;0;.;0;0.05;1;0;GREYHOUND;28.4;.;0;SIMPLE;Serrano2019;A
11;4;.;0.0508063;0.0508063;0;.;0;0.05;1;0;GREYHOUND;28.4;.;0;SIMPLE;Serrano2019;A
11;6;.;.;.;1;.;0;0.05;1;0;GREYHOUND;28.4;.;0;SIMPLE;Serrano2019;A
11;8;.;.;.;1;.;0;0.05;1;0;GREYHOUND;28.4;.;0;SIMPLE;Serrano2019;A
11;12;.;.;.;1;.;0;0.05;1;0;GREYHOUND;28.4;.;0;SIMPLE;Serrano2019;A
11;0;20;.;.;1;.;0;0.05;2;0;GREYHOUND;28;.;0;SIMPLE;Serrano2019;A
11;0.08;.;29.2331;29.2331;0;.;0;0.05;2;0;GREYHOUND;28;.;0;SIMPLE;Serrano2019;A
11;0.17;.;29.109;29.109;0;.;0;0.05;2;0;GREYHOUND;28;.;0;SIMPLE;Serrano2019;A
11;0.25;.;21.4091;21.4091;0;.;0;0.05;2;0;GREYHOUND;28;.;0;SIMPLE;Serrano2019;A
11;0.5;.;11.2662;11.2662;0;.;0;0.05;2;0;GREYHOUND;28;.;0;SIMPLE;Serrano2019;A
11;0.75;.;8.11375;8.11375;0;.;0;0.05;2;0;GREYHOUND;28;.;0;SIMPLE;Serrano2019;A
11;1;.;2.25681;2.25681;0;.;0;0.05;2;0;GREYHOUND;28;.;0;SIMPLE;Serrano2019;A
11;1.5;.;1.09926;1.09926;0;.;0;0.05;2;0;GREYHOUND;28;.;0;SIMPLE;Serrano2019;A
11;2;.;0.758084;0.758084;0;.;0;0.05;2;0;GREYHOUND;28;.;0;SIMPLE;Serrano2019;A
11;3;.;0.15383015;0.15383015;0;.;0;0.05;2;0;GREYHOUND;28;.;0;SIMPLE;Serrano2019;A
11;4;.;0.075202864;0.075202864;0;.;0;0.05;2;0;GREYHOUND;28;.;0;SIMPLE;Serrano2019;A
11;6;.;0.05043011;0.05043011;0;.;0;0.05;2;0;GREYHOUND;28;.;0;SIMPLE;Serrano2019;A
11;8;.;.;.;1;.;0;0.05;2;0;GREYHOUND;28;.;0;SIMPLE;Serrano2019;A
11;12;.;.;.;1;.;0;0.05;2;0;GREYHOUND;28;.;0;SIMPLE;Serrano2019;A
12;0;20;.;.;1;.;0;0.05;1;0;GREYHOUND;24;.;1;SIMPLE;Serrano2019;A
12;0.08;.;15.3244;15.3244;0;.;0;0.05;1;0;GREYHOUND;24;.;1;SIMPLE;Serrano2019;A
12;0.17;.;19.6996;19.6996;0;.;0;0.05;1;0;GREYHOUND;24;.;1;SIMPLE;Serrano2019;A
12;0.25;.;11.5396;11.5396;0;.;0;0.05;1;0;GREYHOUND;24;.;1;SIMPLE;Serrano2019;A
12;0.5;.;9.79153;9.79153;0;.;0;0.05;1;0;GREYHOUND;24;.;1;SIMPLE;Serrano2019;A
12;0.75;.;4.83288;4.83288;0;.;0;0.05;1;0;GREYHOUND;24;.;1;SIMPLE;Serrano2019;A
12;1;.;3.15753;3.15753;0;.;0;0.05;1;0;GREYHOUND;24;.;1;SIMPLE;Serrano2019;A
12;1.5;.;3.47004;3.47004;0;.;0;0.05;1;0;GREYHOUND;24;.;1;SIMPLE;Serrano2019;A
12;2;.;1.63059;1.63059;0;.;0;0.05;1;0;GREYHOUND;24;.;1;SIMPLE;Serrano2019;A
12;3;.;0.537724;0.537724;0;.;0;0.05;1;0;GREYHOUND;24;.;1;SIMPLE;Serrano2019;A
12;4;.;0.128459;0.128459;0;.;0;0.05;1;0;GREYHOUND;24;.;1;SIMPLE;Serrano2019;A
12;6;.;0.081785;0.081785;0;.;0;0.05;1;0;GREYHOUND;24;.;1;SIMPLE;Serrano2019;A
12;8;.;.;.;1;.;0;0.05;1;0;GREYHOUND;24;.;1;SIMPLE;Serrano2019;A
12;12;.;.;.;1;.;0;0.05;1;0;GREYHOUND;24;.;1;SIMPLE;Serrano2019;A
12;0;10;.;.;1;.;0;0.05;2;0;GREYHOUND;24.6;.;1;SIMPLE;Serrano2019;A
12;0.08;.;13.3657;13.3657;0;.;0;0.05;2;0;GREYHOUND;24.6;.;1;SIMPLE;Serrano2019;A
12;0.17;.;10.9209;10.9209;0;.;0;0.05;2;0;GREYHOUND;24.6;.;1;SIMPLE;Serrano2019;A
12;0.25;.;9.768;9.768;0;.;0;0.05;2;0;GREYHOUND;24.6;.;1;SIMPLE;Serrano2019;A
12;0.5;.;4.93979;4.93979;0;.;0;0.05;2;0;GREYHOUND;24.6;.;1;SIMPLE;Serrano2019;A
12;0.75;.;2.9781;2.9781;0;.;0;0.05;2;0;GREYHOUND;24.6;.;1;SIMPLE;Serrano2019;A
12;1;.;1.96479;1.96479;0;.;0;0.05;2;0;GREYHOUND;24.6;.;1;SIMPLE;Serrano2019;A
12;1.5;.;1.22251;1.22251;0;.;0;0.05;2;0;GREYHOUND;24.6;.;1;SIMPLE;Serrano2019;A
12;2;.;0.426955;0.426955;0;.;0;0.05;2;0;GREYHOUND;24.6;.;1;SIMPLE;Serrano2019;A
12;3;.;0.0688137;0.0688137;0;.;0;0.05;2;0;GREYHOUND;24.6;.;1;SIMPLE;Serrano2019;A
12;4;.;0.05226702;0.05226702;0;.;0;0.05;2;0;GREYHOUND;24.6;.;1;SIMPLE;Serrano2019;A
12;6;.;.;.;1;.;0;0.05;2;0;GREYHOUND;24.6;.;1;SIMPLE;Serrano2019;A
12;8;.;.;.;1;.;0;0.05;2;0;GREYHOUND;24.6;.;1;SIMPLE;Serrano2019;A
12;12;.;.;.;1;.;0;0.05;2;0;GREYHOUND;24.6;.;1;SIMPLE;Serrano2019;A
13;0;10;.;.;1;.;0;0.05;1;0;GREYHOUND;26;.;0;SIMPLE;Serrano2019;A
13;0.08;.;11.60534;11.60534;0;.;0;0.05;1;0;GREYHOUND;26;.;0;SIMPLE;Serrano2019;A
13;0.17;.;6.0007;6.0007;0;.;0;0.05;1;0;GREYHOUND;26;.;0;SIMPLE;Serrano2019;A
13;0.25;.;8.4533;8.4533;0;.;0;0.05;1;0;GREYHOUND;26;.;0;SIMPLE;Serrano2019;A
13;0.5;.;5.43787;5.43787;0;.;0;0.05;1;0;GREYHOUND;26;.;0;SIMPLE;Serrano2019;A
13;0.75;.;4.91863;4.91863;0;.;0;0.05;1;0;GREYHOUND;26;.;0;SIMPLE;Serrano2019;A
13;1;.;2.724;2.724;0;.;0;0.05;1;0;GREYHOUND;26;.;0;SIMPLE;Serrano2019;A
13;1.5;.;0.657276;0.657276;0;.;0;0.05;1;0;GREYHOUND;26;.;0;SIMPLE;Serrano2019;A
13;2;.;0.594411;0.594411;0;.;0;0.05;1;0;GREYHOUND;26;.;0;SIMPLE;Serrano2019;A
13;3;.;0.17686;0.17686;0;.;0;0.05;1;0;GREYHOUND;26;.;0;SIMPLE;Serrano2019;A
13;4;.;0.107356;0.107356;0;.;0;0.05;1;0;GREYHOUND;26;.;0;SIMPLE;Serrano2019;A
13;6;.;.;.;1;.;0;0.05;1;0;GREYHOUND;26;.;0;SIMPLE;Serrano2019;A
13;8;.;.;.;1;.;0;0.05;1;0;GREYHOUND;26;.;0;SIMPLE;Serrano2019;A
13;12;.;.;.;1;.;0;0.05;1;0;GREYHOUND;26;.;0;SIMPLE;Serrano2019;A
13;0;20;.;.;1;.;0;0.05;2;0;GREYHOUND;26;.;0;SIMPLE;Serrano2019;A
13;0.08;.;19.8884;19.8884;0;.;0;0.05;2;0;GREYHOUND;26;.;0;SIMPLE;Serrano2019;A
13;0.17;.;14.2368;14.2368;0;.;0;0.05;2;0;GREYHOUND;26;.;0;SIMPLE;Serrano2019;A
13;0.25;.;19.9949;19.9949;0;.;0;0.05;2;0;GREYHOUND;26;.;0;SIMPLE;Serrano2019;A
13;0.5;.;15.1708;15.1708;0;.;0;0.05;2;0;GREYHOUND;26;.;0;SIMPLE;Serrano2019;A
13;0.75;.;8.17347;8.17347;0;.;0;0.05;2;0;GREYHOUND;26;.;0;SIMPLE;Serrano2019;A
13;1;.;6.23253;6.23253;0;.;0;0.05;2;0;GREYHOUND;26;.;0;SIMPLE;Serrano2019;A
13;1.5;.;5.71305;5.71305;0;.;0;0.05;2;0;GREYHOUND;26;.;0;SIMPLE;Serrano2019;A
13;2;.;2.44896;2.44896;0;.;0;0.05;2;0;GREYHOUND;26;.;0;SIMPLE;Serrano2019;A
13;3;.;0.814534;0.814534;0;.;0;0.05;2;0;GREYHOUND;26;.;0;SIMPLE;Serrano2019;A
13;4;.;0.515318;0.515318;0;.;0;0.05;2;0;GREYHOUND;26;.;0;SIMPLE;Serrano2019;A
13;6;.;0.0990054;0.0990054;0;.;0;0.05;2;0;GREYHOUND;26;.;0;SIMPLE;Serrano2019;A
13;8;.;.;.;1;.;0;0.05;2;0;GREYHOUND;26;.;0;SIMPLE;Serrano2019;A
13;12;.;.;.;1;.;0;0.05;2;0;GREYHOUND;26;.;0;SIMPLE;Serrano2019;A
14;0;20;.;.;1;.;0;0.05;1;0;GREYHOUND;28;.;0;SIMPLE;Serrano2019;A
14;0.08;.;19.6259;19.6259;0;.;0;0.05;1;0;GREYHOUND;28;.;0;SIMPLE;Serrano2019;A
14;0.17;.;17.1936;17.1936;0;.;0;0.05;1;0;GREYHOUND;28;.;0;SIMPLE;Serrano2019;A
14;0.25;.;15.715;15.715;0;.;0;0.05;1;0;GREYHOUND;28;.;0;SIMPLE;Serrano2019;A
14;0.5;.;13.167;13.167;0;.;0;0.05;1;0;GREYHOUND;28;.;0;SIMPLE;Serrano2019;A
14;0.75;.;6.92739;6.92739;0;.;0;0.05;1;0;GREYHOUND;28;.;0;SIMPLE;Serrano2019;A
14;1;.;3.19204;3.19204;0;.;0;0.05;1;0;GREYHOUND;28;.;0;SIMPLE;Serrano2019;A
14;1.5;.;1.55367;1.55367;0;.;0;0.05;1;0;GREYHOUND;28;.;0;SIMPLE;Serrano2019;A
14;2;.;1.09132;1.09132;0;.;0;0.05;1;0;GREYHOUND;28;.;0;SIMPLE;Serrano2019;A
14;3;.;0.216392;0.216392;0;.;0;0.05;1;0;GREYHOUND;28;.;0;SIMPLE;Serrano2019;A
14;4;.;0.0771402;0.0771402;0;.;0;0.05;1;0;GREYHOUND;28;.;0;SIMPLE;Serrano2019;A
14;6;.;0.0874379;0.0874379;0;.;0;0.05;1;0;GREYHOUND;28;.;0;SIMPLE;Serrano2019;A
14;8;.;.;.;1;.;0;0.05;1;0;GREYHOUND;28;.;0;SIMPLE;Serrano2019;A
14;12;.;.;.;1;.;0;0.05;1;0;GREYHOUND;28;.;0;SIMPLE;Serrano2019;A
14;0;10;.;.;1;.;0;0.05;2;0;GREYHOUND;28;.;0;SIMPLE;Serrano2019;A
14;0.08;.;15.3091;15.3091;0;.;0;0.05;2;0;GREYHOUND;28;.;0;SIMPLE;Serrano2019;A
14;0.17;.;13.9676;13.9676;0;.;0;0.05;2;0;GREYHOUND;28;.;0;SIMPLE;Serrano2019;A
14;0.25;.;9.8966;9.8966;0;.;0;0.05;2;0;GREYHOUND;28;.;0;SIMPLE;Serrano2019;A
14;0.5;.;6.29932;6.29932;0;.;0;0.05;2;0;GREYHOUND;28;.;0;SIMPLE;Serrano2019;A
14;0.75;.;4.95629;4.95629;0;.;0;0.05;2;0;GREYHOUND;28;.;0;SIMPLE;Serrano2019;A
14;1;.;1.64437;1.64437;0;.;0;0.05;2;0;GREYHOUND;28;.;0;SIMPLE;Serrano2019;A
14;1.5;.;0.609142;0.609142;0;.;0;0.05;2;0;GREYHOUND;28;.;0;SIMPLE;Serrano2019;A
14;2;.;0.559517;0.559517;0;.;0;0.05;2;0;GREYHOUND;28;.;0;SIMPLE;Serrano2019;A
14;3;.;0.139512;0.139512;0;.;0;0.05;2;0;GREYHOUND;28;.;0;SIMPLE;Serrano2019;A
14;4;.;.;.;1;.;0;0.05;2;0;GREYHOUND;28;.;0;SIMPLE;Serrano2019;A
14;6;.;.;.;1;.;0;0.05;2;0;GREYHOUND;28;.;0;SIMPLE;Serrano2019;A
14;8;.;.;.;1;.;0;0.05;2;0;GREYHOUND;28;.;0;SIMPLE;Serrano2019;A
14;12;.;.;.;1;.;0;0.05;2;0;GREYHOUND;28;.;0;SIMPLE;Serrano2019;A
15;0;10;.;.;1;.;0;0.05;1;0;GREYHOUND;32;.;0;SIMPLE;Serrano2019;A
15;0.08;.;8.0722;8.0722;0;.;0;0.05;1;0;GREYHOUND;32;.;0;SIMPLE;Serrano2019;A
15;0.17;.;11.77657;11.77657;0;.;0;0.05;1;0;GREYHOUND;32;.;0;SIMPLE;Serrano2019;A
15;0.25;.;7.297;7.297;0;.;0;0.05;1;0;GREYHOUND;32;.;0;SIMPLE;Serrano2019;A
15;0.5;.;5.21489;5.21489;0;.;0;0.05;1;0;GREYHOUND;32;.;0;SIMPLE;Serrano2019;A
15;0.75;.;2.88125;2.88125;0;.;0;0.05;1;0;GREYHOUND;32;.;0;SIMPLE;Serrano2019;A
15;1;.;1.11149;1.11149;0;.;0;0.05;1;0;GREYHOUND;32;.;0;SIMPLE;Serrano2019;A
15;1.5;.;1.13153;1.13153;0;.;0;0.05;1;0;GREYHOUND;32;.;0;SIMPLE;Serrano2019;A
15;2;.;0.327175;0.327175;0;.;0;0.05;1;0;GREYHOUND;32;.;0;SIMPLE;Serrano2019;A
15;3;.;0.21889;0.21889;0;.;0;0.05;1;0;GREYHOUND;32;.;0;SIMPLE;Serrano2019;A
15;4;.;0.0532635;0.0532635;0;.;0;0.05;1;0;GREYHOUND;32;.;0;SIMPLE;Serrano2019;A
15;6;.;0.0507439;0.0507439;0;.;0;0.05;1;0;GREYHOUND;32;.;0;SIMPLE;Serrano2019;A
15;8;.;.;.;1;.;0;0.05;1;0;GREYHOUND;32;.;0;SIMPLE;Serrano2019;A
15;12;.;.;.;1;.;0;0.05;1;0;GREYHOUND;32;.;0;SIMPLE;Serrano2019;A
15;0;20;.;.;1;.;0;0.05;2;0;GREYHOUND;32;.;0;SIMPLE;Serrano2019;A
15;0.08;.;20.7958;20.7958;0;.;0;0.05;2;0;GREYHOUND;32;.;0;SIMPLE;Serrano2019;A
15;0.17;.;19.1527;19.1527;0;.;0;0.05;2;0;GREYHOUND;32;.;0;SIMPLE;Serrano2019;A
15;0.25;.;19.8505;19.8505;0;.;0;0.05;2;0;GREYHOUND;32;.;0;SIMPLE;Serrano2019;A
15;0.5;.;10.6753;10.6753;0;.;0;0.05;2;0;GREYHOUND;32;.;0;SIMPLE;Serrano2019;A
15;0.75;.;6.40622;6.40622;0;.;0;0.05;2;0;GREYHOUND;32;.;0;SIMPLE;Serrano2019;A
15;1;.;2.86186;2.86186;0;.;0;0.05;2;0;GREYHOUND;32;.;0;SIMPLE;Serrano2019;A
15;1.5;.;0.874983;0.874983;0;.;0;0.05;2;0;GREYHOUND;32;.;0;SIMPLE;Serrano2019;A
15;2;.;1.08995;1.08995;0;.;0;0.05;2;0;GREYHOUND;32;.;0;SIMPLE;Serrano2019;A
15;3;.;0.245634;0.245634;0;.;0;0.05;2;0;GREYHOUND;32;.;0;SIMPLE;Serrano2019;A
15;4;.;0.237841;0.237841;0;.;0;0.05;2;0;GREYHOUND;32;.;0;SIMPLE;Serrano2019;A
15;6;.;0.0733058;0.0733058;0;.;0;0.05;2;0;GREYHOUND;32;.;0;SIMPLE;Serrano2019;A
15;8;.;.;.;1;.;0;0.05;2;0;GREYHOUND;32;.;0;SIMPLE;Serrano2019;A
15;12;.;.;.;1;.;0;0.05;2;0;GREYHOUND;32;.;0;SIMPLE;Serrano2019;A
16;0;20;.;.;1;.;0;0.05;1;0;GREYHOUND;23;.;1;SIMPLE;Serrano2019;A
16;0.08;.;26.5147;26.5147;0;.;0;0.05;1;0;GREYHOUND;23;.;1;SIMPLE;Serrano2019;A
16;0.17;.;23.2801;23.2801;0;.;0;0.05;1;0;GREYHOUND;23;.;1;SIMPLE;Serrano2019;A
16;0.25;.;24.0014;24.0014;0;.;0;0.05;1;0;GREYHOUND;23;.;1;SIMPLE;Serrano2019;A
16;0.5;.;11.9813;11.9813;0;.;0;0.05;1;0;GREYHOUND;23;.;1;SIMPLE;Serrano2019;A
16;0.75;.;9.53634;9.53634;0;.;0;0.05;1;0;GREYHOUND;23;.;1;SIMPLE;Serrano2019;A
16;1;.;6.89284;6.89284;0;.;0;0.05;1;0;GREYHOUND;23;.;1;SIMPLE;Serrano2019;A
16;1.5;.;2.4215;2.4215;0;.;0;0.05;1;0;GREYHOUND;23;.;1;SIMPLE;Serrano2019;A
16;2;.;2.32504;2.32504;0;.;0;0.05;1;0;GREYHOUND;23;.;1;SIMPLE;Serrano2019;A
16;3;.;0.453552;0.453552;0;.;0;0.05;1;0;GREYHOUND;23;.;1;SIMPLE;Serrano2019;A
16;4;.;0.1498951;0.1498951;0;.;0;0.05;1;0;GREYHOUND;23;.;1;SIMPLE;Serrano2019;A
16;6;.;0.105098;0.105098;0;.;0;0.05;1;0;GREYHOUND;23;.;1;SIMPLE;Serrano2019;A
16;8;.;.;.;1;.;0;0.05;1;0;GREYHOUND;23;.;1;SIMPLE;Serrano2019;A
16;12;.;.;.;1;.;0;0.05;1;0;GREYHOUND;23;.;1;SIMPLE;Serrano2019;A
16;0;10;.;.;1;.;0;0.05;2;0;GREYHOUND;23;.;1;SIMPLE;Serrano2019;A
16;0.08;.;15.7287;15.7287;0;.;0;0.05;2;0;GREYHOUND;23;.;1;SIMPLE;Serrano2019;A
16;0.17;.;15.0522;15.0522;0;.;0;0.05;2;0;GREYHOUND;23;.;1;SIMPLE;Serrano2019;A
16;0.25;.;9.26317;9.26317;0;.;0;0.05;2;0;GREYHOUND;23;.;1;SIMPLE;Serrano2019;A
16;0.5;.;8.97009;8.97009;0;.;0;0.05;2;0;GREYHOUND;23;.;1;SIMPLE;Serrano2019;A
16;0.75;.;6.39044;6.39044;0;.;0;0.05;2;0;GREYHOUND;23;.;1;SIMPLE;Serrano2019;A
16;1;.;3.53624;3.53624;0;.;0;0.05;2;0;GREYHOUND;23;.;1;SIMPLE;Serrano2019;A
16;1.5;.;1.70459;1.70459;0;.;0;0.05;2;0;GREYHOUND;23;.;1;SIMPLE;Serrano2019;A
16;2;.;1.054899;1.054899;0;.;0;0.05;2;0;GREYHOUND;23;.;1;SIMPLE;Serrano2019;A
16;3;.;0.551101;0.551101;0;.;0;0.05;2;0;GREYHOUND;23;.;1;SIMPLE;Serrano2019;A
16;4;.;0.0818101;0.0818101;0;.;0;0.05;2;0;GREYHOUND;23;.;1;SIMPLE;Serrano2019;A
16;6;.;.;.;1;.;0;0.05;2;0;GREYHOUND;23;.;1;SIMPLE;Serrano2019;A
16;8;.;.;.;1;.;0;0.05;2;0;GREYHOUND;23;.;1;SIMPLE;Serrano2019;A
16;12;.;.;.;1;.;0;0.05;2;0;GREYHOUND;23;.;1;SIMPLE;Serrano2019;A
17;0;10;.;.;1;.;0;0.05;1;0;GREYHOUND;24;.;1;SIMPLE;Serrano2019;A
17;0.08;.;11.9451;11.9451;0;.;0;0.05;1;0;GREYHOUND;24;.;1;SIMPLE;Serrano2019;A
17;0.17;.;9.02485;9.02485;0;.;0;0.05;1;0;GREYHOUND;24;.;1;SIMPLE;Serrano2019;A
17;0.25;.;8.59604;8.59604;0;.;0;0.05;1;0;GREYHOUND;24;.;1;SIMPLE;Serrano2019;A
17;0.5;.;6.09948;6.09948;0;.;0;0.05;1;0;GREYHOUND;24;.;1;SIMPLE;Serrano2019;A
17;0.75;.;2.34729;2.34729;0;.;0;0.05;1;0;GREYHOUND;24;.;1;SIMPLE;Serrano2019;A
17;1;.;2.04645;2.04645;0;.;0;0.05;1;0;GREYHOUND;24;.;1;SIMPLE;Serrano2019;A
17;1.5;.;0.211194;0.211194;0;.;0;0.05;1;0;GREYHOUND;24;.;1;SIMPLE;Serrano2019;A
17;2;.;0.172739;0.172739;0;.;0;0.05;1;0;GREYHOUND;24;.;1;SIMPLE;Serrano2019;A
17;3;.;0.083799;0.083799;0;.;0;0.05;1;0;GREYHOUND;24;.;1;SIMPLE;Serrano2019;A
17;4;.;0.060134;0.060134;0;.;0;0.05;1;0;GREYHOUND;24;.;1;SIMPLE;Serrano2019;A
17;6;.;0.052541;0.052541;0;.;0;0.05;1;0;GREYHOUND;24;.;1;SIMPLE;Serrano2019;A
17;8;.;.;.;1;.;0;0.05;1;0;GREYHOUND;24;.;1;SIMPLE;Serrano2019;A
17;12;.;.;.;1;.;0;0.05;1;0;GREYHOUND;24;.;1;SIMPLE;Serrano2019;A
17;0;20;.;.;1;.;0;0.05;2;0;GREYHOUND;24;.;1;SIMPLE;Serrano2019;A
17;0.08;.;21.203;21.203;0;.;0;0.05;2;0;GREYHOUND;24;.;1;SIMPLE;Serrano2019;A
17;0.17;.;15.9282;15.9282;0;.;0;0.05;2;0;GREYHOUND;24;.;1;SIMPLE;Serrano2019;A
17;0.25;.;14.3121;14.3121;0;.;0;0.05;2;0;GREYHOUND;24;.;1;SIMPLE;Serrano2019;A
17;0.5;.;11.1282;11.1282;0;.;0;0.05;2;0;GREYHOUND;24;.;1;SIMPLE;Serrano2019;A
17;0.75;.;7.02434;7.02434;0;.;0;0.05;2;0;GREYHOUND;24;.;1;SIMPLE;Serrano2019;A
17;1;.;6.70382;6.70382;0;.;0;0.05;2;0;GREYHOUND;24;.;1;SIMPLE;Serrano2019;A
17;1.5;.;4.36523;4.36523;0;.;0;0.05;2;0;GREYHOUND;24;.;1;SIMPLE;Serrano2019;A
17;2;.;2.3142;2.3142;0;.;0;0.05;2;0;GREYHOUND;24;.;1;SIMPLE;Serrano2019;A
17;3;.;0.809941;0.809941;0;.;0;0.05;2;0;GREYHOUND;24;.;1;SIMPLE;Serrano2019;A
17;4;.;0.31105;0.31105;0;.;0;0.05;2;0;GREYHOUND;24;.;1;SIMPLE;Serrano2019;A
17;6;.;0.105651;0.105651;0;.;0;0.05;2;0;GREYHOUND;24;.;1;SIMPLE;Serrano2019;A
17;8;.;.;.;1;.;0;0.05;2;0;GREYHOUND;24;.;1;SIMPLE;Serrano2019;A
17;12;.;.;.;1;.;0;0.05;2;0;GREYHOUND;24;.;1;SIMPLE;Serrano2019;A
18;0;20;.;.;1;.;0;0.05;1;0;GREYHOUND;17.5;.;1;SIMPLE;Serrano2019;A
18;0.08;.;28.7097;28.7097;0;.;0;0.05;1;0;GREYHOUND;17.5;.;1;SIMPLE;Serrano2019;A
18;0.17;.;25.6494;25.6494;0;.;0;0.05;1;0;GREYHOUND;17.5;.;1;SIMPLE;Serrano2019;A
18;0.25;.;26.9717;26.9717;0;.;0;0.05;1;0;GREYHOUND;17.5;.;1;SIMPLE;Serrano2019;A
18;0.5;.;18.784;18.784;0;.;0;0.05;1;0;GREYHOUND;17.5;.;1;SIMPLE;Serrano2019;A
18;0.75;.;11.6424;11.6424;0;.;0;0.05;1;0;GREYHOUND;17.5;.;1;SIMPLE;Serrano2019;A
18;1;.;8.99703;8.99703;0;.;0;0.05;1;0;GREYHOUND;17.5;.;1;SIMPLE;Serrano2019;A
18;1.5;.;5.10398;5.10398;0;.;0;0.05;1;0;GREYHOUND;17.5;.;1;SIMPLE;Serrano2019;A
18;2;.;1.87256;1.87256;0;.;0;0.05;1;0;GREYHOUND;17.5;.;1;SIMPLE;Serrano2019;A
18;3;.;0.650122;0.650122;0;.;0;0.05;1;0;GREYHOUND;17.5;.;1;SIMPLE;Serrano2019;A
18;4;.;0.325461;0.325461;0;.;0;0.05;1;0;GREYHOUND;17.5;.;1;SIMPLE;Serrano2019;A
18;6;.;0.0980162;0.0980162;0;.;0;0.05;1;0;GREYHOUND;17.5;.;1;SIMPLE;Serrano2019;A
18;8;.;.;.;1;.;0;0.05;1;0;GREYHOUND;17.5;.;1;SIMPLE;Serrano2019;A
18;12;.;.;.;1;.;0;0.05;1;0;GREYHOUND;17.5;.;1;SIMPLE;Serrano2019;A
18;0;10;.;.;1;.;0;0.05;2;0;GREYHOUND;17.5;.;1;SIMPLE;Serrano2019;A
18;0.08;.;19.3569;19.3569;0;.;0;0.05;2;0;GREYHOUND;17.5;.;1;SIMPLE;Serrano2019;A
18;0.17;.;16.3517;16.3517;0;.;0;0.05;2;0;GREYHOUND;17.5;.;1;SIMPLE;Serrano2019;A
18;0.25;.;11.5743;11.5743;0;.;0;0.05;2;0;GREYHOUND;17.5;.;1;SIMPLE;Serrano2019;A
18;0.5;.;7.52002;7.52002;0;.;0;0.05;2;0;GREYHOUND;17.5;.;1;SIMPLE;Serrano2019;A
18;0.75;.;4.91292;4.91292;0;.;0;0.05;2;0;GREYHOUND;17.5;.;1;SIMPLE;Serrano2019;A
18;1;.;2.02374;2.02374;0;.;0;0.05;2;0;GREYHOUND;17.5;.;1;SIMPLE;Serrano2019;A
18;1.5;.;1.0598;1.0598;0;.;0;0.05;2;0;GREYHOUND;17.5;.;1;SIMPLE;Serrano2019;A
18;2;.;0.399952;0.399952;0;.;0;0.05;2;0;GREYHOUND;17.5;.;1;SIMPLE;Serrano2019;A
18;3;.;0.0963039;0.0963039;0;.;0;0.05;2;0;GREYHOUND;17.5;.;1;SIMPLE;Serrano2019;A
18;4;.;0.078783;0.078783;0;.;0;0.05;2;0;GREYHOUND;17.5;.;1;SIMPLE;Serrano2019;A
18;6;.;.;.;1;.;0;0.05;2;0;GREYHOUND;17.5;.;1;SIMPLE;Serrano2019;A
18;8;.;.;.;1;.;0;0.05;2;0;GREYHOUND;17.5;.;1;SIMPLE;Serrano2019;A
18;12;.;.;.;1;.;0;0.05;2;0;GREYHOUND;17.5;.;1;SIMPLE;Serrano2019;A
19;0;10;.;.;1;.;0;0.05;1;0;GREYHOUND;23.35;.;1;SIMPLE;Serrano2019;A
19;0.08;.;16.0078;16.0078;0;.;0;0.05;1;0;GREYHOUND;23.35;.;1;SIMPLE;Serrano2019;A
19;0.17;.;13.123;13.123;0;.;0;0.05;1;0;GREYHOUND;23.35;.;1;SIMPLE;Serrano2019;A
19;0.25;.;8.05661;8.05661;0;.;0;0.05;1;0;GREYHOUND;23.35;.;1;SIMPLE;Serrano2019;A
19;0.5;.;3.46883;3.46883;0;.;0;0.05;1;0;GREYHOUND;23.35;.;1;SIMPLE;Serrano2019;A
19;0.75;.;4.03973;4.03973;0;.;0;0.05;1;0;GREYHOUND;23.35;.;1;SIMPLE;Serrano2019;A
19;1;.;1.58885;1.58885;0;.;0;0.05;1;0;GREYHOUND;23.35;.;1;SIMPLE;Serrano2019;A
19;1.5;.;0.983072;0.983072;0;.;0;0.05;1;0;GREYHOUND;23.35;.;1;SIMPLE;Serrano2019;A
19;2;.;0.294599;0.294599;0;.;0;0.05;1;0;GREYHOUND;23.35;.;1;SIMPLE;Serrano2019;A
19;3;.;0.1256831;0.1256831;0;.;0;0.05;1;0;GREYHOUND;23.35;.;1;SIMPLE;Serrano2019;A
19;4;.;0.0811883;0.0811883;0;.;0;0.05;1;0;GREYHOUND;23.35;.;1;SIMPLE;Serrano2019;A
19;6;.;0.0611253;0.0611253;0;.;0;0.05;1;0;GREYHOUND;23.35;.;1;SIMPLE;Serrano2019;A
19;8;.;.;.;1;.;0;0.05;1;0;GREYHOUND;23.35;.;1;SIMPLE;Serrano2019;A
19;12;.;.;.;1;.;0;0.05;1;0;GREYHOUND;23.35;.;1;SIMPLE;Serrano2019;A
19;0;20;.;.;1;.;0;0.05;2;0;GREYHOUND;23.35;.;1;SIMPLE;Serrano2019;A
19;0.08;.;22.2418;22.2418;0;.;0;0.05;2;0;GREYHOUND;23.35;.;1;SIMPLE;Serrano2019;A
19;0.17;.;18.6578;18.6578;0;.;0;0.05;2;0;GREYHOUND;23.35;.;1;SIMPLE;Serrano2019;A
19;0.25;.;13.9653;13.9653;0;.;0;0.05;2;0;GREYHOUND;23.35;.;1;SIMPLE;Serrano2019;A
19;0.5;.;5.95079;5.95079;0;.;0;0.05;2;0;GREYHOUND;23.35;.;1;SIMPLE;Serrano2019;A
19;0.75;.;4.78188;4.78188;0;.;0;0.05;2;0;GREYHOUND;23.35;.;1;SIMPLE;Serrano2019;A
19;1;.;3.64125;3.64125;0;.;0;0.05;2;0;GREYHOUND;23.35;.;1;SIMPLE;Serrano2019;A
19;1.5;.;4.80446;4.80446;0;.;0;0.05;2;0;GREYHOUND;23.35;.;1;SIMPLE;Serrano2019;A
19;2;.;1.61154;1.61154;0;.;0;0.05;2;0;GREYHOUND;23.35;.;1;SIMPLE;Serrano2019;A
19;3;.;1.01228;1.01228;0;.;0;0.05;2;0;GREYHOUND;23.35;.;1;SIMPLE;Serrano2019;A
19;4;.;0.418126;0.418126;0;.;0;0.05;2;0;GREYHOUND;23.35;.;1;SIMPLE;Serrano2019;A
19;6;.;0.236038;0.236038;0;.;0;0.05;2;0;GREYHOUND;23.35;.;1;SIMPLE;Serrano2019;A
19;8;.;0.0852684;0.0852684;0;.;0;0.05;2;0;GREYHOUND;23.35;.;1;SIMPLE;Serrano2019;A
19;12;.;.;.;1;.;0;0.05;2;0;GREYHOUND;23.35;.;1;SIMPLE;Serrano2019;A
20;0;20;.;.;1;.;0;0.05;1;0;GREYHOUND;13;.;0;SIMPLE;Serrano2019;A
20;0.08;.;30.7535;30.7535;0;.;0;0.05;1;0;GREYHOUND;13;.;0;SIMPLE;Serrano2019;A
20;0.17;.;26.9474;26.9474;0;.;0;0.05;1;0;GREYHOUND;13;.;0;SIMPLE;Serrano2019;A
20;0.25;.;22.6179;22.6179;0;.;0;0.05;1;0;GREYHOUND;13;.;0;SIMPLE;Serrano2019;A
20;0.5;.;14.8869;14.8869;0;.;0;0.05;1;0;GREYHOUND;13;.;0;SIMPLE;Serrano2019;A
20;0.75;.;15.8047;15.8047;0;.;0;0.05;1;0;GREYHOUND;13;.;0;SIMPLE;Serrano2019;A
20;1;.;5.58176;5.58176;0;.;0;0.05;1;0;GREYHOUND;13;.;0;SIMPLE;Serrano2019;A
20;1.5;.;2.79663;2.79663;0;.;0;0.05;1;0;GREYHOUND;13;.;0;SIMPLE;Serrano2019;A
20;2;.;4.41802;4.41802;0;.;0;0.05;1;0;GREYHOUND;13;.;0;SIMPLE;Serrano2019;A
20;3;.;3.32833;3.32833;0;.;0;0.05;1;0;GREYHOUND;13;.;0;SIMPLE;Serrano2019;A
20;4;.;1.07999;1.07999;0;.;0;0.05;1;0;GREYHOUND;13;.;0;SIMPLE;Serrano2019;A
20;6;.;0.283417;0.283417;0;.;0;0.05;1;0;GREYHOUND;13;.;0;SIMPLE;Serrano2019;A
20;8;.;0.0556617;0.0556617;0;.;0;0.05;1;0;GREYHOUND;13;.;0;SIMPLE;Serrano2019;A
20;12;.;.;.;1;.;0;0.05;1;0;GREYHOUND;13;.;0;SIMPLE;Serrano2019;A
20;0;10;.;.;1;.;0;0.05;2;0;GREYHOUND;13;.;0;SIMPLE;Serrano2019;A
20;0.08;.;8.8139;8.8139;0;.;0;0.05;2;0;GREYHOUND;13;.;0;SIMPLE;Serrano2019;A
20;0.17;.;14.0045;14.0045;0;.;0;0.05;2;0;GREYHOUND;13;.;0;SIMPLE;Serrano2019;A
20;0.25;.;8.28952;8.28952;0;.;0;0.05;2;0;GREYHOUND;13;.;0;SIMPLE;Serrano2019;A
20;0.5;.;7.10831;7.10831;0;.;0;0.05;2;0;GREYHOUND;13;.;0;SIMPLE;Serrano2019;A
20;0.75;.;6.23244;6.23244;0;.;0;0.05;2;0;GREYHOUND;13;.;0;SIMPLE;Serrano2019;A
20;1;.;7.17922;7.17922;0;.;0;0.05;2;0;GREYHOUND;13;.;0;SIMPLE;Serrano2019;A
20;1.5;.;2.42381;2.42381;0;.;0;0.05;2;0;GREYHOUND;13;.;0;SIMPLE;Serrano2019;A
20;2;.;1.35003;1.35003;0;.;0;0.05;2;0;GREYHOUND;13;.;0;SIMPLE;Serrano2019;A
20;3;.;1.30715;1.30715;0;.;0;0.05;2;0;GREYHOUND;13;.;0;SIMPLE;Serrano2019;A
20;4;.;0.336493;0.336493;0;.;0;0.05;2;0;GREYHOUND;13;.;0;SIMPLE;Serrano2019;A
20;6;.;0.126758;0.126758;0;.;0;0.05;2;0;GREYHOUND;13;.;0;SIMPLE;Serrano2019;A
20;8;.;.;.;1;.;0;0.05;2;0;GREYHOUND;13;.;0;SIMPLE;Serrano2019;A
20;12;.;.;.;1;.;0;0.05;2;0;GREYHOUND;13;.;0;SIMPLE;Serrano2019;A
21;0;20;.;.;1;.;0;0.05;1;0;LABRADOR;43.5;.;1;SIMPLE;Sartini2020;B
21;0.083;.;27.61149;27.61149;0;.;0;0.05;1;0;LABRADOR;43.5;.;1;SIMPLE;Sartini2020;B
21;0.25;.;26.87025;26.87025;0;.;0;0.05;1;0;LABRADOR;43.5;.;1;SIMPLE;Sartini2020;B
21;0.5;.;23.87233;23.87233;0;.;0;0.05;1;0;LABRADOR;43.5;.;1;SIMPLE;Sartini2020;B
21;0.75;.;21.63284;21.63284;0;.;0;0.05;1;0;LABRADOR;43.5;.;1;SIMPLE;Sartini2020;B
21;1;.;22.29193;22.29193;0;.;0;0.05;1;0;LABRADOR;43.5;.;1;SIMPLE;Sartini2020;B
21;1.5;.;16.58664;16.58664;0;.;0;0.05;1;0;LABRADOR;43.5;.;1;SIMPLE;Sartini2020;B
21;2;.;19.98645;19.98645;0;.;0;0.05;1;0;LABRADOR;43.5;.;1;SIMPLE;Sartini2020;B
21;4;.;9.61678;9.61678;0;.;0;0.05;1;0;LABRADOR;43.5;.;1;SIMPLE;Sartini2020;B
21;6;.;3.5269;3.5269;0;.;0;0.05;1;0;LABRADOR;43.5;.;1;SIMPLE;Sartini2020;B
21;8;.;1.46121;1.46121;0;.;0;0.05;1;0;LABRADOR;43.5;.;1;SIMPLE;Sartini2020;B
22;0;20;.;.;1;.;0;0.05;1;0;LABRADOR;28.5;.;1;SIMPLE;Sartini2020;B
22;0.083;.;25.82078;25.82078;0;.;0;0.05;1;0;LABRADOR;28.5;.;1;SIMPLE;Sartini2020;B
22;0.25;.;21.00367;21.00367;0;.;0;0.05;1;0;LABRADOR;28.5;.;1;SIMPLE;Sartini2020;B
22;0.5;.;14.64345;14.64345;0;.;0;0.05;1;0;LABRADOR;28.5;.;1;SIMPLE;Sartini2020;B
22;0.75;.;15.21809;15.21809;0;.;0;0.05;1;0;LABRADOR;28.5;.;1;SIMPLE;Sartini2020;B
22;1;.;18.62417;18.62417;0;.;0;0.05;1;0;LABRADOR;28.5;.;1;SIMPLE;Sartini2020;B
22;1.5;.;8.34682;8.34682;0;.;0;0.05;1;0;LABRADOR;28.5;.;1;SIMPLE;Sartini2020;B
22;2;.;12.77907;12.77907;0;.;0;0.05;1;0;LABRADOR;28.5;.;1;SIMPLE;Sartini2020;B
22;4;.;3.09738;3.09738;0;.;0;0.05;1;0;LABRADOR;28.5;.;1;SIMPLE;Sartini2020;B
22;6;.;1.22945;1.22945;0;.;0;0.05;1;0;LABRADOR;28.5;.;1;SIMPLE;Sartini2020;B
22;8;.;0.24071;0.24071;0;.;0;0.05;1;0;LABRADOR;28.5;.;1;SIMPLE;Sartini2020;B
23;0;20;.;.;1;.;0;0.05;1;0;LABRADOR;35;.;1;SIMPLE;Sartini2020;B
23;0.083;.;21.70003;21.70003;0;.;0;0.05;1;0;LABRADOR;35;.;1;SIMPLE;Sartini2020;B
23;0.25;.;19.55723;19.55723;0;.;0;0.05;1;0;LABRADOR;35;.;1;SIMPLE;Sartini2020;B
23;0.5;.;15.64289;15.64289;0;.;0;0.05;1;0;LABRADOR;35;.;1;SIMPLE;Sartini2020;B
23;0.75;.;15.96947;15.96947;0;.;0;0.05;1;0;LABRADOR;35;.;1;SIMPLE;Sartini2020;B
23;1;.;14.5054;14.5054;0;.;0;0.05;1;0;LABRADOR;35;.;1;SIMPLE;Sartini2020;B
23;1.5;.;9.27545;9.27545;0;.;0;0.05;1;0;LABRADOR;35;.;1;SIMPLE;Sartini2020;B
23;2;.;10.18632;10.18632;0;.;0;0.05;1;0;LABRADOR;35;.;1;SIMPLE;Sartini2020;B
23;4;.;3.59552;3.59552;0;.;0;0.05;1;0;LABRADOR;35;.;1;SIMPLE;Sartini2020;B
23;6;.;1.49786;1.49786;0;.;0;0.05;1;0;LABRADOR;35;.;1;SIMPLE;Sartini2020;B
23;8;.;0.63543;0.63543;0;.;0;0.05;1;0;LABRADOR;35;.;1;SIMPLE;Sartini2020;B
24;0;20;.;.;1;.;0;0.05;1;0;LABRADOR;34.5;.;1;SIMPLE;Sartini2020;B
24;0.083;.;18.50425;18.50425;0;.;0;0.05;1;0;LABRADOR;34.5;.;1;SIMPLE;Sartini2020;B
24;0.25;.;19.77847;19.77847;0;.;0;0.05;1;0;LABRADOR;34.5;.;1;SIMPLE;Sartini2020;B
24;0.5;.;15.05438;15.05438;0;.;0;0.05;1;0;LABRADOR;34.5;.;1;SIMPLE;Sartini2020;B
24;0.75;.;14.28082;14.28082;0;.;0;0.05;1;0;LABRADOR;34.5;.;1;SIMPLE;Sartini2020;B
24;1;.;11.99089;11.99089;0;.;0;0.05;1;0;LABRADOR;34.5;.;1;SIMPLE;Sartini2020;B
24;1.5;.;8.99574;8.99574;0;.;0;0.05;1;0;LABRADOR;34.5;.;1;SIMPLE;Sartini2020;B
24;2;.;9.88158;9.88158;0;.;0;0.05;1;0;LABRADOR;34.5;.;1;SIMPLE;Sartini2020;B
24;4;.;2.36191;2.36191;0;.;0;0.05;1;0;LABRADOR;34.5;.;1;SIMPLE;Sartini2020;B
24;6;.;1.03672;1.03672;0;.;0;0.05;1;0;LABRADOR;34.5;.;1;SIMPLE;Sartini2020;B
24;8;.;0.23362;0.23362;0;.;0;0.05;1;0;LABRADOR;34.5;.;1;SIMPLE;Sartini2020;B
25;0;20;.;.;1;.;0;0.05;1;0;LABRADOR;31;.;1;SIMPLE;Sartini2020;B
25;0.083;.;17.52678;17.52678;0;.;0;0.05;1;0;LABRADOR;31;.;1;SIMPLE;Sartini2020;B
25;0.25;.;14.37151;14.37151;0;.;0;0.05;1;0;LABRADOR;31;.;1;SIMPLE;Sartini2020;B
25;0.5;.;12.86181;12.86181;0;.;0;0.05;1;0;LABRADOR;31;.;1;SIMPLE;Sartini2020;B
25;0.75;.;12.74938;12.74938;0;.;0;0.05;1;0;LABRADOR;31;.;1;SIMPLE;Sartini2020;B
25;1;.;12.40856;12.40856;0;.;0;0.05;1;0;LABRADOR;31;.;1;SIMPLE;Sartini2020;B
25;1.5;.;9.87292;9.87292;0;.;0;0.05;1;0;LABRADOR;31;.;1;SIMPLE;Sartini2020;B
25;2;.;8.64992;8.64992;0;.;0;0.05;1;0;LABRADOR;31;.;1;SIMPLE;Sartini2020;B
25;4;.;3.13203;3.13203;0;.;0;0.05;1;0;LABRADOR;31;.;1;SIMPLE;Sartini2020;B
25;6;.;0.4776;0.4776;0;.;0;0.05;1;0;LABRADOR;31;.;1;SIMPLE;Sartini2020;B
25;8;.;0.22282;0.22282;0;.;0;0.05;1;0;LABRADOR;31;.;1;SIMPLE;Sartini2020;B
26;0;20;.;.;1;.;0;0.05;1;0;LABRADOR;34;.;1;SIMPLE;Sartini2020;B
26;0.083;.;15.17596;15.17596;0;.;0;0.05;1;0;LABRADOR;34;.;1;SIMPLE;Sartini2020;B
26;0.25;.;15.86909;15.86909;0;.;0;0.05;1;0;LABRADOR;34;.;1;SIMPLE;Sartini2020;B
26;0.5;.;10.78209;10.78209;0;.;0;0.05;1;0;LABRADOR;34;.;1;SIMPLE;Sartini2020;B
26;0.75;.;11.20398;11.20398;0;.;0;0.05;1;0;LABRADOR;34;.;1;SIMPLE;Sartini2020;B
26;1;.;10.8722;10.8722;0;.;0;0.05;1;0;LABRADOR;34;.;1;SIMPLE;Sartini2020;B
26;1.5;.;9.57621;9.57621;0;.;0;0.05;1;0;LABRADOR;34;.;1;SIMPLE;Sartini2020;B
26;2;.;8.73744;8.73744;0;.;0;0.05;1;0;LABRADOR;34;.;1;SIMPLE;Sartini2020;B
26;4;.;3.26313;3.26313;0;.;0;0.05;1;0;LABRADOR;34;.;1;SIMPLE;Sartini2020;B
26;6;.;0.92502;0.92502;0;.;0;0.05;1;0;LABRADOR;34;.;1;SIMPLE;Sartini2020;B
26;8;.;0.19093;0.19093;0;.;0;0.05;1;0;LABRADOR;34;.;1;SIMPLE;Sartini2020;B
27;0;20;.;.;1;.;0;0.05;1;1;Various;.;.;.;SIMPLE;Leung2021;C
27;0.03;.;65.826;65.826;0;.;0;0.05;1;1;Various;.;.;.;SIMPLE;Leung2021;C
27;0.08;.;28.464;28.464;0;.;0;0.05;1;1;Various;.;.;.;SIMPLE;Leung2021;C
27;0.17;.;18.527;18.527;0;.;0;0.05;1;1;Various;.;.;.;SIMPLE;Leung2021;C
27;0.33;.;13.409;13.409;0;.;0;0.05;1;1;Various;.;.;.;SIMPLE;Leung2021;C
27;0.67;.;9.791;9.791;0;.;0;0.05;1;1;Various;.;.;.;SIMPLE;Leung2021;C
27;1.33;.;6.448;6.448;0;.;0;0.05;1;1;Various;.;.;.;SIMPLE;Leung2021;C
28;0;20;.;.;1;.;0;0.05;1;1;Various;.;.;.;SIMPLE;Leung2021;C
28;0.03;.;29.399;29.399;0;.;0;0.05;1;1;Various;.;.;.;SIMPLE;Leung2021;C
28;0.08;.;22.742;22.742;0;.;0;0.05;1;1;Various;.;.;.;SIMPLE;Leung2021;C
28;0.17;.;14.545;14.545;0;.;0;0.05;1;1;Various;.;.;.;SIMPLE;Leung2021;C
28;0.33;.;13.22;13.22;0;.;0;0.05;1;1;Various;.;.;.;SIMPLE;Leung2021;C
28;0.67;.;9.046;9.046;0;.;0;0.05;1;1;Various;.;.;.;SIMPLE;Leung2021;C
28;1.33;.;6.492;6.492;0;.;0;0.05;1;1;Various;.;.;.;SIMPLE;Leung2021;C
29;0;20;.;.;1;.;0;0.05;1;1;Various;.;.;.;SIMPLE;Leung2021;C
29;0.03;.;43.883;43.883;0;.;0;0.05;1;1;Various;.;.;.;SIMPLE;Leung2021;C
29;0.08;.;27.2;27.2;0;.;0;0.05;1;1;Various;.;.;.;SIMPLE;Leung2021;C
29;0.17;.;16.638;16.638;0;.;0;0.05;1;1;Various;.;.;.;SIMPLE;Leung2021;C
29;0.33;.;12.929;12.929;0;.;0;0.05;1;1;Various;.;.;.;SIMPLE;Leung2021;C
29;0.67;.;7.09;7.09;0;.;0;0.05;1;1;Various;.;.;.;SIMPLE;Leung2021;C
29;1.33;.;4.294;4.294;0;.;0;0.05;1;1;Various;.;.;.;SIMPLE;Leung2021;C
30;0;20;.;.;1;.;0;0.05;1;1;Various;.;.;.;SIMPLE;Leung2021;C
30;0.03;.;53.971;53.971;0;.;0;0.05;1;1;Various;.;.;.;SIMPLE;Leung2021;C
30;0.08;.;27.13;27.13;0;.;0;0.05;1;1;Various;.;.;.;SIMPLE;Leung2021;C
30;0.17;.;16.487;16.487;0;.;0;0.05;1;1;Various;.;.;.;SIMPLE;Leung2021;C
30;0.33;.;12.421;12.421;0;.;0;0.05;1;1;Various;.;.;.;SIMPLE;Leung2021;C
30;0.67;.;9.787;9.787;0;.;0;0.05;1;1;Various;.;.;.;SIMPLE;Leung2021;C
30;1.33;.;4.705;4.705;0;.;0;0.05;1;1;Various;.;.;.;SIMPLE;Leung2021;C
31;0;20;.;.;1;.;0;0.05;1;1;Various;.;.;.;SIMPLE;Leung2021;C
31;0.03;.;37.764;37.764;0;.;0;0.05;1;1;Various;.;.;.;SIMPLE;Leung2021;C
31;0.08;.;25.562;25.562;0;.;0;0.05;1;1;Various;.;.;.;SIMPLE;Leung2021;C
31;0.17;.;14.9;14.9;0;.;0;0.05;1;1;Various;.;.;.;SIMPLE;Leung2021;C
31;0.33;.;9.231;9.231;0;.;0;0.05;1;1;Various;.;.;.;SIMPLE;Leung2021;C
31;0.67;.;4.192;4.192;0;.;0;0.05;1;1;Various;.;.;.;SIMPLE;Leung2021;C
31;1.33;.;2.685;2.685;0;.;0;0.05;1;1;Various;.;.;.;SIMPLE;Leung2021;C
32;0;20;.;.;1;.;0;0.05;1;1;Various;.;.;.;SIMPLE;Leung2021;C
32;0.03;.;36.854;36.854;0;.;0;0.05;1;1;Various;.;.;.;SIMPLE;Leung2021;C
32;0.08;.;20.983;20.983;0;.;0;0.05;1;1;Various;.;.;.;SIMPLE;Leung2021;C
32;0.17;.;12.155;12.155;0;.;0;0.05;1;1;Various;.;.;.;SIMPLE;Leung2021;C
32;0.33;.;7.785;7.785;0;.;0;0.05;1;1;Various;.;.;.;SIMPLE;Leung2021;C
32;0.67;.;5.827;5.827;0;.;0;0.05;1;1;Various;.;.;.;SIMPLE;Leung2021;C
32;1.33;.;2.915;2.915;0;.;0;0.05;1;1;Various;.;.;.;SIMPLE;Leung2021;C
33;0;20;.;.;1;.;0;0.05;1;1;Various;.;.;.;SIMPLE;Leung2021;C
33;0.03;.;41.061;41.061;0;.;0;0.05;1;1;Various;.;.;.;SIMPLE;Leung2021;C
33;0.08;.;26.553;26.553;0;.;0;0.05;1;1;Various;.;.;.;SIMPLE;Leung2021;C
33;0.17;.;15.682;15.682;0;.;0;0.05;1;1;Various;.;.;.;SIMPLE;Leung2021;C
33;0.33;.;8.21;8.21;0;.;0;0.05;1;1;Various;.;.;.;SIMPLE;Leung2021;C
33;0.67;.;6.021;6.021;0;.;0;0.05;1;1;Various;.;.;.;SIMPLE;Leung2021;C
33;1.33;.;3.47;3.47;0;.;0;0.05;1;1;Various;.;.;.;SIMPLE;Leung2021;C
34;0;20;.;.;1;.;0;0.05;1;1;Various;.;.;.;SIMPLE;Leung2021;C
34;0.03;.;33.234;33.234;0;.;0;0.05;1;1;Various;.;.;.;SIMPLE;Leung2021;C
34;0.08;.;18.49;18.49;0;.;0;0.05;1;1;Various;.;.;.;SIMPLE;Leung2021;C
34;0.17;.;16.19;16.19;0;.;0;0.05;1;1;Various;.;.;.;SIMPLE;Leung2021;C
34;0.33;.;12.857;12.857;0;.;0;0.05;1;1;Various;.;.;.;SIMPLE;Leung2021;C
34;0.67;.;9.669;9.669;0;.;0;0.05;1;1;Various;.;.;.;SIMPLE;Leung2021;C
34;1.33;.;4.918;4.918;0;.;0;0.05;1;1;Various;.;.;.;SIMPLE;Leung2021;C
35;0;20;.;.;1;.;0;0.05;1;0;BEAGLE;15.75;.;0;SIMPLE;Granados2021;A
35;0.08;.;19.07;19.07;0;.;0;0.05;1;0;BEAGLE;15.75;.;0;SIMPLE;Granados2021;A
35;0.17;.;17.66;17.66;0;.;0;0.05;1;0;BEAGLE;15.75;.;0;SIMPLE;Granados2021;A
35;0.25;.;12.81;12.81;0;.;0;0.05;1;0;BEAGLE;15.75;.;0;SIMPLE;Granados2021;A
35;0.5;.;8.76;8.76;0;.;0;0.05;1;0;BEAGLE;15.75;.;0;SIMPLE;Granados2021;A
35;0.75;.;3.22;3.22;0;.;0;0.05;1;0;BEAGLE;15.75;.;0;SIMPLE;Granados2021;A
35;1;.;2.15;2.15;0;.;0;0.05;1;0;BEAGLE;15.75;.;0;SIMPLE;Granados2021;A
35;1.5;.;1.09;1.09;0;.;0;0.05;1;0;BEAGLE;15.75;.;0;SIMPLE;Granados2021;A
35;2;.;0.73;0.73;0;.;0;0.05;1;0;BEAGLE;15.75;.;0;SIMPLE;Granados2021;A
35;3;.;0.18;0.18;0;.;0;0.05;1;0;BEAGLE;15.75;.;0;SIMPLE;Granados2021;A
35;4;.;0.13;0.13;0;.;0;0.05;1;0;BEAGLE;15.75;.;0;SIMPLE;Granados2021;A
35;6;.;0.05;0.05;0;0;1;0.05;1;0;BEAGLE;15.75;.;0;SIMPLE;Granados2021;A
35;0;20;.;.;1;.;0;0.05;2;1;BEAGLE;16.3;.;0;SIMPLE;Granados2021;A
35;0.08;.;19.48;19.48;0;.;0;0.05;2;1;BEAGLE;16.3;.;0;SIMPLE;Granados2021;A
35;0.17;.;18.61;18.61;0;.;0;0.05;2;1;BEAGLE;16.3;.;0;SIMPLE;Granados2021;A
35;0.25;.;13.52;13.52;0;.;0;0.05;2;1;BEAGLE;16.3;.;0;SIMPLE;Granados2021;A
35;0.5;.;6.48;6.48;0;.;0;0.05;2;1;BEAGLE;16.3;.;0;SIMPLE;Granados2021;A
35;0.75;.;5.39;5.39;0;.;0;0.05;2;1;BEAGLE;16.3;.;0;SIMPLE;Granados2021;A
35;1;.;2.8;2.8;0;.;0;0.05;2;1;BEAGLE;16.3;.;0;SIMPLE;Granados2021;A
35;1.5;.;1.55;1.55;0;.;0;0.05;2;1;BEAGLE;16.3;.;0;SIMPLE;Granados2021;A
35;2;.;0.92;0.92;0;.;0;0.05;2;1;BEAGLE;16.3;.;0;SIMPLE;Granados2021;A
35;3;.;0.68;0.68;0;.;0;0.05;2;1;BEAGLE;16.3;.;0;SIMPLE;Granados2021;A
35;4;.;0.15;0.15;0;.;0;0.05;2;1;BEAGLE;16.3;.;0;SIMPLE;Granados2021;A
35;6;.;0.1;0.1;0;.;0;0.05;2;1;BEAGLE;16.3;.;0;SIMPLE;Granados2021;A
35;8;.;0.06;0.06;0;.;0;0.05;2;1;BEAGLE;16.3;.;0;SIMPLE;Granados2021;A
36;0;20;.;.;1;.;0;0.05;1;0;BEAGLE;17.4;.;1;SIMPLE;Granados2021;A
36;0.08;.;20.69;20.69;0;.;0;0.05;1;0;BEAGLE;17.4;.;1;SIMPLE;Granados2021;A
36;0.17;.;23.87;23.87;0;.;0;0.05;1;0;BEAGLE;17.4;.;1;SIMPLE;Granados2021;A
36;0.25;.;18.2;18.2;0;.;0;0.05;1;0;BEAGLE;17.4;.;1;SIMPLE;Granados2021;A
36;0.5;.;12.95;12.95;0;.;0;0.05;1;0;BEAGLE;17.4;.;1;SIMPLE;Granados2021;A
36;0.75;.;10.65;10.65;0;.;0;0.05;1;0;BEAGLE;17.4;.;1;SIMPLE;Granados2021;A
36;1;.;10.08;10.08;0;.;0;0.05;1;0;BEAGLE;17.4;.;1;SIMPLE;Granados2021;A
36;1.5;.;4.54;4.54;0;.;0;0.05;1;0;BEAGLE;17.4;.;1;SIMPLE;Granados2021;A
36;2;.;2.39;2.39;0;.;0;0.05;1;0;BEAGLE;17.4;.;1;SIMPLE;Granados2021;A
36;3;.;1.9;1.9;0;.;0;0.05;1;0;BEAGLE;17.4;.;1;SIMPLE;Granados2021;A
36;4;.;0.95;0.95;0;.;0;0.05;1;0;BEAGLE;17.4;.;1;SIMPLE;Granados2021;A
36;0;20;.;.;1;.;0;0.05;2;1;BEAGLE;17.5;.;1;SIMPLE;Granados2021;A
36;0.08;.;19.42;19.42;0;.;0;0.05;2;1;BEAGLE;17.5;.;1;SIMPLE;Granados2021;A
36;0.17;.;13.57;13.57;0;.;0;0.05;2;1;BEAGLE;17.5;.;1;SIMPLE;Granados2021;A
36;0.25;.;15.2;15.2;0;.;0;0.05;2;1;BEAGLE;17.5;.;1;SIMPLE;Granados2021;A
36;0.5;.;10.19;10.19;0;.;0;0.05;2;1;BEAGLE;17.5;.;1;SIMPLE;Granados2021;A
36;0.75;.;9.28;9.28;0;.;0;0.05;2;1;BEAGLE;17.5;.;1;SIMPLE;Granados2021;A
36;1;.;8.58;8.58;0;.;0;0.05;2;1;BEAGLE;17.5;.;1;SIMPLE;Granados2021;A
36;1.5;.;5;5;0;.;0;0.05;2;1;BEAGLE;17.5;.;1;SIMPLE;Granados2021;A
36;2;.;2.44;2.44;0;.;0;0.05;2;1;BEAGLE;17.5;.;1;SIMPLE;Granados2021;A
36;3;.;1.4;1.4;0;.;0;0.05;2;1;BEAGLE;17.5;.;1;SIMPLE;Granados2021;A
36;4;.;0.7;0.7;0;.;0;0.05;2;1;BEAGLE;17.5;.;1;SIMPLE;Granados2021;A
37;0;20;.;.;1;.;0;0.05;1;0;BEAGLE;13;.;1;SIMPLE;Granados2021;A
37;0.08;.;28.55;28.55;0;.;0;0.05;1;0;BEAGLE;13;.;1;SIMPLE;Granados2021;A
37;0.17;.;23.42;23.42;0;.;0;0.05;1;0;BEAGLE;13;.;1;SIMPLE;Granados2021;A
37;0.25;.;17.97;17.97;0;.;0;0.05;1;0;BEAGLE;13;.;1;SIMPLE;Granados2021;A
37;0.5;.;12.65;12.65;0;.;0;0.05;1;0;BEAGLE;13;.;1;SIMPLE;Granados2021;A
37;0.75;.;6.37;6.37;0;.;0;0.05;1;0;BEAGLE;13;.;1;SIMPLE;Granados2021;A
37;1;.;4.86;4.86;0;.;0;0.05;1;0;BEAGLE;13;.;1;SIMPLE;Granados2021;A
37;1.5;.;1.51;1.51;0;.;0;0.05;1;0;BEAGLE;13;.;1;SIMPLE;Granados2021;A
37;2;.;0.97;0.97;0;.;0;0.05;1;0;BEAGLE;13;.;1;SIMPLE;Granados2021;A
37;3;.;0.34;0.34;0;.;0;0.05;1;0;BEAGLE;13;.;1;SIMPLE;Granados2021;A
37;4;.;0.14;0.14;0;.;0;0.05;1;0;BEAGLE;13;.;1;SIMPLE;Granados2021;A
37;6;.;0.09;0.09;0;.;0;0.05;1;0;BEAGLE;13;.;1;SIMPLE;Granados2021;A
37;8;.;0.05;0.05;0;0;1;0.05;1;0;BEAGLE;13;.;1;SIMPLE;Granados2021;A
37;0;20;.;.;1;.;0;0.05;2;1;BEAGLE;13.5;.;1;SIMPLE;Granados2021;A
37;0.08;.;28.67;28.67;0;.;0;0.05;2;1;BEAGLE;13.5;.;1;SIMPLE;Granados2021;A
37;0.17;.;25.92;25.92;0;.;0;0.05;2;1;BEAGLE;13.5;.;1;SIMPLE;Granados2021;A
37;0.25;.;18.59;18.59;0;.;0;0.05;2;1;BEAGLE;13.5;.;1;SIMPLE;Granados2021;A
37;0.5;.;14.48;14.48;0;.;0;0.05;2;1;BEAGLE;13.5;.;1;SIMPLE;Granados2021;A
37;0.75;.;8.34;8.34;0;.;0;0.05;2;1;BEAGLE;13.5;.;1;SIMPLE;Granados2021;A
37;1;.;3.4;3.4;0;.;0;0.05;2;1;BEAGLE;13.5;.;1;SIMPLE;Granados2021;A
37;1.5;.;1.95;1.95;0;.;0;0.05;2;1;BEAGLE;13.5;.;1;SIMPLE;Granados2021;A
37;2;.;0.7;0.7;0;.;0;0.05;2;1;BEAGLE;13.5;.;1;SIMPLE;Granados2021;A
37;3;.;0.6;0.6;0;.;0;0.05;2;1;BEAGLE;13.5;.;1;SIMPLE;Granados2021;A
37;4;.;0.15;0.15;0;.;0;0.05;2;1;BEAGLE;13.5;.;1;SIMPLE;Granados2021;A
37;6;.;0.08;0.08;0;.;0;0.05;2;1;BEAGLE;13.5;.;1;SIMPLE;Granados2021;A
37;8;.;0.06;0.06;0;.;0;0.05;2;1;BEAGLE;13.5;.;1;SIMPLE;Granados2021;A
38;0;20;.;.;1;.;0;0.05;1;0;BEAGLE;13;.;0;SIMPLE;Granados2021;A
38;0.08;.;15.8;15.8;0;.;0;0.05;1;0;BEAGLE;13;.;0;SIMPLE;Granados2021;A
38;0.17;.;10.78;10.78;0;.;0;0.05;1;0;BEAGLE;13;.;0;SIMPLE;Granados2021;A
38;0.25;.;8.34;8.34;0;.;0;0.05;1;0;BEAGLE;13;.;0;SIMPLE;Granados2021;A
38;0.5;.;7.55;7.55;0;.;0;0.05;1;0;BEAGLE;13;.;0;SIMPLE;Granados2021;A
38;0.75;.;3.39;3.39;0;.;0;0.05;1;0;BEAGLE;13;.;0;SIMPLE;Granados2021;A
38;1;.;1.76;1.76;0;.;0;0.05;1;0;BEAGLE;13;.;0;SIMPLE;Granados2021;A
38;1.5;.;1.64;1.64;0;.;0;0.05;1;0;BEAGLE;13;.;0;SIMPLE;Granados2021;A
38;2;.;0.78;0.78;0;.;0;0.05;1;0;BEAGLE;13;.;0;SIMPLE;Granados2021;A
38;3;.;0.19;0.19;0;.;0;0.05;1;0;BEAGLE;13;.;0;SIMPLE;Granados2021;A
38;4;.;0.13;0.13;0;.;0;0.05;1;0;BEAGLE;13;.;0;SIMPLE;Granados2021;A
38;6;.;0.06;0.06;0;.;0;0.05;1;0;BEAGLE;13;.;0;SIMPLE;Granados2021;A
38;0;20;.;.;1;.;0;0.05;2;1;BEAGLE;13.3;.;0;SIMPLE;Granados2021;A
38;0.08;.;18.91;18.91;0;.;0;0.05;2;1;BEAGLE;13.3;.;0;SIMPLE;Granados2021;A
38;0.17;.;13.93;13.93;0;.;0;0.05;2;1;BEAGLE;13.3;.;0;SIMPLE;Granados2021;A
38;0.25;.;14.41;14.41;0;.;0;0.05;2;1;BEAGLE;13.3;.;0;SIMPLE;Granados2021;A
38;0.5;.;8.92;8.92;0;.;0;0.05;2;1;BEAGLE;13.3;.;0;SIMPLE;Granados2021;A
38;0.75;.;5.57;5.57;0;.;0;0.05;2;1;BEAGLE;13.3;.;0;SIMPLE;Granados2021;A
38;1;.;2.53;2.53;0;.;0;0.05;2;1;BEAGLE;13.3;.;0;SIMPLE;Granados2021;A
38;1.5;.;1.52;1.52;0;.;0;0.05;2;1;BEAGLE;13.3;.;0;SIMPLE;Granados2021;A
38;2;.;0.75;0.75;0;.;0;0.05;2;1;BEAGLE;13.3;.;0;SIMPLE;Granados2021;A
38;3;.;0.31;0.31;0;.;0;0.05;2;1;BEAGLE;13.3;.;0;SIMPLE;Granados2021;A
38;4;.;0.29;0.29;0;.;0;0.05;2;1;BEAGLE;13.3;.;0;SIMPLE;Granados2021;A
38;6;.;0.08;0.08;0;.;0;0.05;2;1;BEAGLE;13.3;.;0;SIMPLE;Granados2021;A
38;8;.;0.06;0.06;0;.;0;0.05;2;1;BEAGLE;13.3;.;0;SIMPLE;Granados2021;A
39;0;20;.;.;1;.;0;0.05;1;0;BEAGLE;17;.;0;SIMPLE;Granados2021;A
39;0.08;.;24.23;24.23;0;.;0;0.05;1;0;BEAGLE;17;.;0;SIMPLE;Granados2021;A
39;0.17;.;20.09;20.09;0;.;0;0.05;1;0;BEAGLE;17;.;0;SIMPLE;Granados2021;A
39;0.25;.;20.14;20.14;0;.;0;0.05;1;0;BEAGLE;17;.;0;SIMPLE;Granados2021;A
39;0.5;.;16.27;16.27;0;.;0;0.05;1;0;BEAGLE;17;.;0;SIMPLE;Granados2021;A
39;0.75;.;8.6;8.6;0;.;0;0.05;1;0;BEAGLE;17;.;0;SIMPLE;Granados2021;A
39;1;.;6.82;6.82;0;.;0;0.05;1;0;BEAGLE;17;.;0;SIMPLE;Granados2021;A
39;1.5;.;4.14;4.14;0;.;0;0.05;1;0;BEAGLE;17;.;0;SIMPLE;Granados2021;A
39;2;.;2.02;2.02;0;.;0;0.05;1;0;BEAGLE;17;.;0;SIMPLE;Granados2021;A
39;3;.;1.1;1.1;0;.;0;0.05;1;0;BEAGLE;17;.;0;SIMPLE;Granados2021;A
39;4;.;0.45;0.45;0;.;0;0.05;1;0;BEAGLE;17;.;0;SIMPLE;Granados2021;A
39;6;.;0.11;0.11;0;.;0;0.05;1;0;BEAGLE;17;.;0;SIMPLE;Granados2021;A
39;8;.;0.06;0.06;0;.;0;0.05;1;0;BEAGLE;17;.;0;SIMPLE;Granados2021;A
39;0;20;.;.;1;.;0;0.05;2;1;BEAGLE;17.3;.;0;SIMPLE;Granados2021;A
39;0.08;.;19.71;19.71;0;.;0;0.05;2;1;BEAGLE;17.3;.;0;SIMPLE;Granados2021;A
39;0.17;.;21.4;21.4;0;.;0;0.05;2;1;BEAGLE;17.3;.;0;SIMPLE;Granados2021;A
39;0.25;.;18.67;18.67;0;.;0;0.05;2;1;BEAGLE;17.3;.;0;SIMPLE;Granados2021;A
39;0.5;.;12.96;12.96;0;.;0;0.05;2;1;BEAGLE;17.3;.;0;SIMPLE;Granados2021;A
39;0.75;.;7.71;7.71;0;.;0;0.05;2;1;BEAGLE;17.3;.;0;SIMPLE;Granados2021;A
39;1;.;3.86;3.86;0;.;0;0.05;2;1;BEAGLE;17.3;.;0;SIMPLE;Granados2021;A
39;1.5;.;3.19;3.19;0;.;0;0.05;2;1;BEAGLE;17.3;.;0;SIMPLE;Granados2021;A
39;2;.;1.63;1.63;0;.;0;0.05;2;1;BEAGLE;17.3;.;0;SIMPLE;Granados2021;A
39;3;.;0.34;0.34;0;.;0;0.05;2;1;BEAGLE;17.3;.;0;SIMPLE;Granados2021;A
39;4;.;0.57;0.57;0;.;0;0.05;2;1;BEAGLE;17.3;.;0;SIMPLE;Granados2021;A
39;6;.;0.17;0.17;0;.;0;0.05;2;1;BEAGLE;17.3;.;0;SIMPLE;Granados2021;A
39;8;.;0.11;0.11;0;.;0;0.05;2;1;BEAGLE;17.3;.;0;SIMPLE;Granados2021;A
40;0;20;.;.;1;.;0;0.05;1;0;BEAGLE;16;.;1;SIMPLE;Granados2021;A
40;0.08;.;21.76;21.76;0;.;0;0.05;1;0;BEAGLE;16;.;1;SIMPLE;Granados2021;A
40;0.17;.;18.28;18.28;0;.;0;0.05;1;0;BEAGLE;16;.;1;SIMPLE;Granados2021;A
40;0.25;.;17.36;17.36;0;.;0;0.05;1;0;BEAGLE;16;.;1;SIMPLE;Granados2021;A
40;0.5;.;9.15;9.15;0;.;0;0.05;1;0;BEAGLE;16;.;1;SIMPLE;Granados2021;A
40;0.75;.;6.5;6.5;0;.;0;0.05;1;0;BEAGLE;16;.;1;SIMPLE;Granados2021;A
40;1;.;3.34;3.34;0;.;0;0.05;1;0;BEAGLE;16;.;1;SIMPLE;Granados2021;A
40;1.5;.;1.03;1.03;0;.;0;0.05;1;0;BEAGLE;16;.;1;SIMPLE;Granados2021;A
40;2;.;0.72;0.72;0;.;0;0.05;1;0;BEAGLE;16;.;1;SIMPLE;Granados2021;A
40;3;.;0.19;0.19;0;.;0;0.05;1;0;BEAGLE;16;.;1;SIMPLE;Granados2021;A
40;4;.;0.15;0.15;0;.;0;0.05;1;0;BEAGLE;16;.;1;SIMPLE;Granados2021;A
40;6;.;0.05;0.05;0;0;1;0.05;1;0;BEAGLE;16;.;1;SIMPLE;Granados2021;A
40;8;.;0.07;0.07;0;.;0;0.05;1;0;BEAGLE;16;.;1;SIMPLE;Granados2021;A
40;0;20;.;.;1;.;0;0.05;2;1;BEAGLE;16;.;1;SIMPLE;Granados2021;A
40;0.08;.;12.46;12.46;0;.;0;0.05;2;1;BEAGLE;16;.;1;SIMPLE;Granados2021;A
40;0.17;.;13.76;13.76;0;.;0;0.05;2;1;BEAGLE;16;.;1;SIMPLE;Granados2021;A
40;0.25;.;14.24;14.24;0;.;0;0.05;2;1;BEAGLE;16;.;1;SIMPLE;Granados2021;A
40;0.5;.;8.66;8.66;0;.;0;0.05;2;1;BEAGLE;16;.;1;SIMPLE;Granados2021;A
40;0.75;.;5.15;5.15;0;.;0;0.05;2;1;BEAGLE;16;.;1;SIMPLE;Granados2021;A
40;1;.;4.41;4.41;0;.;0;0.05;2;1;BEAGLE;16;.;1;SIMPLE;Granados2021;A
40;1.5;.;2.83;2.83;0;.;0;0.05;2;1;BEAGLE;16;.;1;SIMPLE;Granados2021;A
40;2;.;1.02;1.02;0;.;0;0.05;2;1;BEAGLE;16;.;1;SIMPLE;Granados2021;A
40;3;.;0.3;0.3;0;.;0;0.05;2;1;BEAGLE;16;.;1;SIMPLE;Granados2021;A
40;4;.;0.13;0.13;0;.;0;0.05;2;1;BEAGLE;16;.;1;SIMPLE;Granados2021;A
40;6;.;0.19;0.19;0;.;0;0.05;2;1;BEAGLE;16;.;1;SIMPLE;Granados2021;A
40;8;.;0.06;0.06;0;.;0;0.05;2;1;BEAGLE;16;.;1;SIMPLE;Granados2021;A
41;0;20;.;.;1;.;0;0.05;1;0;BEAGLE;17.8;.;1;SIMPLE;Granados2021;A
41;0.08;.;21.87;21.87;0;.;0;0.05;1;0;BEAGLE;17.8;.;1;SIMPLE;Granados2021;A
41;0.17;.;17.95;17.95;0;.;0;0.05;1;0;BEAGLE;17.8;.;1;SIMPLE;Granados2021;A
41;0.25;.;13.75;13.75;0;.;0;0.05;1;0;BEAGLE;17.8;.;1;SIMPLE;Granados2021;A
41;0.5;.;8.26;8.26;0;.;0;0.05;1;0;BEAGLE;17.8;.;1;SIMPLE;Granados2021;A
41;0.75;.;4.72;4.72;0;.;0;0.05;1;0;BEAGLE;17.8;.;1;SIMPLE;Granados2021;A
41;1;.;3.79;3.79;0;.;0;0.05;1;0;BEAGLE;17.8;.;1;SIMPLE;Granados2021;A
41;1.5;.;1.13;1.13;0;.;0;0.05;1;0;BEAGLE;17.8;.;1;SIMPLE;Granados2021;A
41;2;.;0.6;0.6;0;.;0;0.05;1;0;BEAGLE;17.8;.;1;SIMPLE;Granados2021;A
41;3;.;0.72;0.72;0;.;0;0.05;1;0;BEAGLE;17.8;.;1;SIMPLE;Granados2021;A
41;4;.;0.22;0.22;0;.;0;0.05;1;0;BEAGLE;17.8;.;1;SIMPLE;Granados2021;A
41;6;.;0.12;0.12;0;.;0;0.05;1;0;BEAGLE;17.8;.;1;SIMPLE;Granados2021;A
41;8;.;0.06;0.06;0;.;0;0.05;1;0;BEAGLE;17.8;.;1;SIMPLE;Granados2021;A
41;0;20;.;.;1;.;0;0.05;2;1;BEAGLE;18;.;1;SIMPLE;Granados2021;A
41;0.08;.;16.96;16.96;0;.;0;0.05;2;1;BEAGLE;18;.;1;SIMPLE;Granados2021;A
41;0.17;.;18.35;18.35;0;.;0;0.05;2;1;BEAGLE;18;.;1;SIMPLE;Granados2021;A
41;0.25;.;12.15;12.15;0;.;0;0.05;2;1;BEAGLE;18;.;1;SIMPLE;Granados2021;A
41;0.5;.;7.39;7.39;0;.;0;0.05;2;1;BEAGLE;18;.;1;SIMPLE;Granados2021;A
41;0.75;.;3.52;3.52;0;.;0;0.05;2;1;BEAGLE;18;.;1;SIMPLE;Granados2021;A
41;1;.;4.79;4.79;0;.;0;0.05;2;1;BEAGLE;18;.;1;SIMPLE;Granados2021;A
41;1.5;.;1.11;1.11;0;.;0;0.05;2;1;BEAGLE;18;.;1;SIMPLE;Granados2021;A
41;2;.;0.49;0.49;0;.;0;0.05;2;1;BEAGLE;18;.;1;SIMPLE;Granados2021;A
41;3;.;0.35;0.35;0;.;0;0.05;2;1;BEAGLE;18;.;1;SIMPLE;Granados2021;A
41;4;.;0.14;0.14;0;.;0;0.05;2;1;BEAGLE;18;.;1;SIMPLE;Granados2021;A
41;6;.;0.09;0.09;0;.;0;0.05;2;1;BEAGLE;18;.;1;SIMPLE;Granados2021;A
41;8;.;0.06;0.06;0;.;0;0.05;2;1;BEAGLE;18;.;1;SIMPLE;Granados2021;A
42;0;20;.;.;1;.;0;0.05;1;0;BEAGLE;15.7;.;1;SIMPLE;Granados2021;A
42;0.08;.;19.12;19.12;0;.;0;0.05;1;0;BEAGLE;15.7;.;1;SIMPLE;Granados2021;A
42;0.17;.;18.65;18.65;0;.;0;0.05;1;0;BEAGLE;15.7;.;1;SIMPLE;Granados2021;A
42;0.25;.;12.82;12.82;0;.;0;0.05;1;0;BEAGLE;15.7;.;1;SIMPLE;Granados2021;A
42;0.5;.;7.1;7.1;0;.;0;0.05;1;0;BEAGLE;15.7;.;1;SIMPLE;Granados2021;A
42;0.75;.;6;6;0;.;0;0.05;1;0;BEAGLE;15.7;.;1;SIMPLE;Granados2021;A
42;1;.;2.93;2.93;0;.;0;0.05;1;0;BEAGLE;15.7;.;1;SIMPLE;Granados2021;A
42;1.5;.;0.86;0.86;0;.;0;0.05;1;0;BEAGLE;15.7;.;1;SIMPLE;Granados2021;A
42;2;.;0.24;0.24;0;.;0;0.05;1;0;BEAGLE;15.7;.;1;SIMPLE;Granados2021;A
42;3;.;0.17;0.17;0;.;0;0.05;1;0;BEAGLE;15.7;.;1;SIMPLE;Granados2021;A
42;4;.;0.11;0.11;0;.;0;0.05;1;0;BEAGLE;15.7;.;1;SIMPLE;Granados2021;A
42;6;.;0.09;0.09;0;.;0;0.05;1;0;BEAGLE;15.7;.;1;SIMPLE;Granados2021;A
42;0;20;.;.;1;.;0;0.05;2;1;BEAGLE;15.9;.;1;SIMPLE;Granados2021;A
42;0.08;.;16.29;16.29;0;.;0;0.05;2;1;BEAGLE;15.9;.;1;SIMPLE;Granados2021;A
42;0.17;.;18.63;18.63;0;.;0;0.05;2;1;BEAGLE;15.9;.;1;SIMPLE;Granados2021;A
42;0.25;.;11.41;11.41;0;.;0;0.05;2;1;BEAGLE;15.9;.;1;SIMPLE;Granados2021;A
42;0.5;.;7.76;7.76;0;.;0;0.05;2;1;BEAGLE;15.9;.;1;SIMPLE;Granados2021;A
42;0.75;.;4.08;4.08;0;.;0;0.05;2;1;BEAGLE;15.9;.;1;SIMPLE;Granados2021;A
42;1;.;3.52;3.52;0;.;0;0.05;2;1;BEAGLE;15.9;.;1;SIMPLE;Granados2021;A
42;1.5;.;1.09;1.09;0;.;0;0.05;2;1;BEAGLE;15.9;.;1;SIMPLE;Granados2021;A
42;2;.;0.58;0.58;0;.;0;0.05;2;1;BEAGLE;15.9;.;1;SIMPLE;Granados2021;A
42;3;.;0.13;0.13;0;.;0;0.05;2;1;BEAGLE;15.9;.;1;SIMPLE;Granados2021;A
42;4;.;0.2;0.2;0;.;0;0.05;2;1;BEAGLE;15.9;.;1;SIMPLE;Granados2021;A
42;6;.;0.07;0.07;0;.;0;0.05;2;1;BEAGLE;15.9;.;1;SIMPLE;Granados2021;A
43;0;20;.;.;1;.;0;0.05;1;0;BEAGLE;18;.;0;SIMPLE;Granados2021;A
43;0.08;.;19.88;19.88;0;.;0;0.05;1;0;BEAGLE;18;.;0;SIMPLE;Granados2021;A
43;0.17;.;15.12;15.12;0;.;0;0.05;1;0;BEAGLE;18;.;0;SIMPLE;Granados2021;A
43;0.25;.;16.79;16.79;0;.;0;0.05;1;0;BEAGLE;18;.;0;SIMPLE;Granados2021;A
43;0.5;.;7.78;7.78;0;.;0;0.05;1;0;BEAGLE;18;.;0;SIMPLE;Granados2021;A
43;0.75;.;6.78;6.78;0;.;0;0.05;1;0;BEAGLE;18;.;0;SIMPLE;Granados2021;A
43;1;.;2.97;2.97;0;.;0;0.05;1;0;BEAGLE;18;.;0;SIMPLE;Granados2021;A
43;1.5;.;1.82;1.82;0;.;0;0.05;1;0;BEAGLE;18;.;0;SIMPLE;Granados2021;A
43;2;.;0.58;0.58;0;.;0;0.05;1;0;BEAGLE;18;.;0;SIMPLE;Granados2021;A
43;3;.;0.32;0.32;0;.;0;0.05;1;0;BEAGLE;18;.;0;SIMPLE;Granados2021;A
43;4;.;0.13;0.13;0;.;0;0.05;1;0;BEAGLE;18;.;0;SIMPLE;Granados2021;A
43;6;.;0.09;0.09;0;.;0;0.05;1;0;BEAGLE;18;.;0;SIMPLE;Granados2021;A
43;8;.;0.06;0.06;0;.;0;0.05;1;0;BEAGLE;18;.;0;SIMPLE;Granados2021;A
43;0;20;.;.;1;.;0;0.05;2;1;BEAGLE;20;.;0;SIMPLE;Granados2021;A
43;0.08;.;18.6;18.6;0;.;0;0.05;2;1;BEAGLE;20;.;0;SIMPLE;Granados2021;A
43;0.17;.;16.66;16.66;0;.;0;0.05;2;1;BEAGLE;20;.;0;SIMPLE;Granados2021;A
43;0.25;.;13.2;13.2;0;.;0;0.05;2;1;BEAGLE;20;.;0;SIMPLE;Granados2021;A
43;0.5;.;8.93;8.93;0;.;0;0.05;2;1;BEAGLE;20;.;0;SIMPLE;Granados2021;A
43;0.75;.;4.81;4.81;0;.;0;0.05;2;1;BEAGLE;20;.;0;SIMPLE;Granados2021;A
43;1;.;3.96;3.96;0;.;0;0.05;2;1;BEAGLE;20;.;0;SIMPLE;Granados2021;A
43;1.5;.;1.21;1.21;0;.;0;0.05;2;1;BEAGLE;20;.;0;SIMPLE;Granados2021;A
43;2;.;0.58;0.58;0;.;0;0.05;2;1;BEAGLE;20;.;0;SIMPLE;Granados2021;A
43;3;.;0.13;0.13;0;.;0;0.05;2;1;BEAGLE;20;.;0;SIMPLE;Granados2021;A
43;4;.;0.19;0.19;0;.;0;0.05;2;1;BEAGLE;20;.;0;SIMPLE;Granados2021;A
43;6;.;0.21;0.21;0;.;0;0.05;2;1;BEAGLE;20;.;0;SIMPLE;Granados2021;A
43;8;.;0.05;0.05;0;0;1;0.05;2;1;BEAGLE;20;.;0;SIMPLE;Granados2021;A
44;0;0.2;.;.;1;.;0;0.001;1;0;BEAGLE;.;2;0;SIMPLE;Koyanagi2014;D
44;0.08;.;0.224;0.224;0;.;0;0.001;1;0;BEAGLE;.;2;0;SIMPLE;Koyanagi2014;D
44;0.25;.;0.188;0.188;0;.;0;0.001;1;0;BEAGLE;.;2;0;SIMPLE;Koyanagi2014;D
44;0.5;.;0.151;0.151;0;.;0;0.001;1;0;BEAGLE;.;2;0;SIMPLE;Koyanagi2014;D
44;1;.;0.0935;0.0935;0;.;0;0.001;1;0;BEAGLE;.;2;0;SIMPLE;Koyanagi2014;D
44;2;.;0.0467;0.0467;0;.;0;0.001;1;0;BEAGLE;.;2;0;SIMPLE;Koyanagi2014;D
44;4;.;0.0133;0.0133;0;.;0;0.001;1;0;BEAGLE;.;2;0;SIMPLE;Koyanagi2014;D
44;8;.;0.00114;0.00114;0;.;0;0.001;1;0;BEAGLE;.;2;0;SIMPLE;Koyanagi2014;D
44;24;.;.;.;1;.;0;0.001;1;0;BEAGLE;.;2;0;SIMPLE;Koyanagi2014;D
45;0;0.2;.;.;1;.;0;0.001;1;0;BEAGLE;.;2;0;SIMPLE;Koyanagi2014;D
45;0.08;.;0.198;0.198;0;.;0;0.001;1;0;BEAGLE;.;2;0;SIMPLE;Koyanagi2014;D
45;0.25;.;0.178;0.178;0;.;0;0.001;1;0;BEAGLE;.;2;0;SIMPLE;Koyanagi2014;D
45;0.5;.;0.137;0.137;0;.;0;0.001;1;0;BEAGLE;.;2;0;SIMPLE;Koyanagi2014;D
45;1;.;0.0847;0.0847;0;.;0;0.001;1;0;BEAGLE;.;2;0;SIMPLE;Koyanagi2014;D
45;2;.;0.0363;0.0363;0;.;0;0.001;1;0;BEAGLE;.;2;0;SIMPLE;Koyanagi2014;D
45;4;.;0.00798;0.00798;0;.;0;0.001;1;0;BEAGLE;.;2;0;SIMPLE;Koyanagi2014;D
45;8;.;.;.;1;.;0;0.001;1;0;BEAGLE;.;2;0;SIMPLE;Koyanagi2014;D
45;24;.;.;.;1;.;0;0.001;1;0;BEAGLE;.;2;0;SIMPLE;Koyanagi2014;D
46;0;0.2;.;.;1;.;0;0.001;1;0;BEAGLE;.;2;0;SIMPLE;Koyanagi2014;D
46;0.08;.;0.203;0.203;0;.;0;0.001;1;0;BEAGLE;.;2;0;SIMPLE;Koyanagi2014;D
46;0.25;.;0.155;0.155;0;.;0;0.001;1;0;BEAGLE;.;2;0;SIMPLE;Koyanagi2014;D
46;0.5;.;0.112;0.112;0;.;0;0.001;1;0;BEAGLE;.;2;0;SIMPLE;Koyanagi2014;D
46;1;.;0.0668;0.0668;0;.;0;0.001;1;0;BEAGLE;.;2;0;SIMPLE;Koyanagi2014;D
46;2;.;0.0242;0.0242;0;.;0;0.001;1;0;BEAGLE;.;2;0;SIMPLE;Koyanagi2014;D
46;4;.;0.00409;0.00409;0;.;0;0.001;1;0;BEAGLE;.;2;0;SIMPLE;Koyanagi2014;D
46;8;.;.;.;1;.;0;0.001;1;0;BEAGLE;.;2;0;SIMPLE;Koyanagi2014;D
46;24;.;.;.;1;.;0;0.001;1;0;BEAGLE;.;2;0;SIMPLE;Koyanagi2014;D
47;0;0.2;.;.;1;.;0;0.001;1;0;BEAGLE;.;11;0;SIMPLE;Koyanagi2014;D
47;0.08;.;0.251;0.251;0;.;0;0.001;1;0;BEAGLE;.;11;0;SIMPLE;Koyanagi2014;D
47;0.25;.;0.182;0.182;0;.;0;0.001;1;0;BEAGLE;.;11;0;SIMPLE;Koyanagi2014;D
47;0.5;.;0.144;0.144;0;.;0;0.001;1;0;BEAGLE;.;11;0;SIMPLE;Koyanagi2014;D
47;1;.;0.0957;0.0957;0;.;0;0.001;1;0;BEAGLE;.;11;0;SIMPLE;Koyanagi2014;D
47;2;.;0.0358;0.0358;0;.;0;0.001;1;0;BEAGLE;.;11;0;SIMPLE;Koyanagi2014;D
47;4;.;0.00818;0.00818;0;.;0;0.001;1;0;BEAGLE;.;11;0;SIMPLE;Koyanagi2014;D
47;8;.;0.00223;0.00223;0;.;0;0.001;1;0;BEAGLE;.;11;0;SIMPLE;Koyanagi2014;D
47;24;.;.;.;1;.;0;0.001;1;0;BEAGLE;.;11;0;SIMPLE;Koyanagi2014;D
48;0;0.2;.;.;1;.;0;0.001;1;0;BEAGLE;.;11;0;SIMPLE;Koyanagi2014;D
48;0.08;.;0.265;0.265;0;.;0;0.001;1;0;BEAGLE;.;11;0;SIMPLE;Koyanagi2014;D
48;0.25;.;0.215;0.215;0;.;0;0.001;1;0;BEAGLE;.;11;0;SIMPLE;Koyanagi2014;D
48;0.5;.;0.161;0.161;0;.;0;0.001;1;0;BEAGLE;.;11;0;SIMPLE;Koyanagi2014;D
48;1;.;0.101;0.101;0;.;0;0.001;1;0;BEAGLE;.;11;0;SIMPLE;Koyanagi2014;D
48;2;.;0.0403;0.0403;0;.;0;0.001;1;0;BEAGLE;.;11;0;SIMPLE;Koyanagi2014;D
48;4;.;0.00916;0.00916;0;.;0;0.001;1;0;BEAGLE;.;11;0;SIMPLE;Koyanagi2014;D
48;8;.;0.0011;0.0011;0;.;0;0.001;1;0;BEAGLE;.;11;0;SIMPLE;Koyanagi2014;D
48;24;.;.;.;1;.;0;0.001;1;0;BEAGLE;.;11;0;SIMPLE;Koyanagi2014;D
49;0;0.2;.;.;1;.;0;0.001;1;0;BEAGLE;.;11;0;SIMPLE;Koyanagi2014;D
49;0.08;.;0.23;0.23;0;.;0;0.001;1;0;BEAGLE;.;11;0;SIMPLE;Koyanagi2014;D
49;0.25;.;0.161;0.161;0;.;0;0.001;1;0;BEAGLE;.;11;0;SIMPLE;Koyanagi2014;D
49;0.5;.;0.134;0.134;0;.;0;0.001;1;0;BEAGLE;.;11;0;SIMPLE;Koyanagi2014;D
49;1;.;0.07;0.07;0;.;0;0.001;1;0;BEAGLE;.;11;0;SIMPLE;Koyanagi2014;D
49;2;.;0.0247;0.0247;0;.;0;0.001;1;0;BEAGLE;.;11;0;SIMPLE;Koyanagi2014;D
49;4;.;0.0175;0.0175;0;.;0;0.001;1;0;BEAGLE;.;11;0;SIMPLE;Koyanagi2014;D
49;8;.;0.00416;0.00416;0;.;0;0.001;1;0;BEAGLE;.;11;0;SIMPLE;Koyanagi2014;D
49;24;.;.;.;1;.;0;0.001;1;0;BEAGLE;.;11;0;SIMPLE;Koyanagi2014;D
50;0;15;.;.;1;.;0;0.06;1;0;BEAGLE;.;.;.;SIMPLE;Statelova2023;E
50;0.17;.;12.12;12.12;0;.;0;0.06;1;0;BEAGLE;.;.;.;SIMPLE;Statelova2023;E
50;0.33;.;9.42;9.42;0;.;0;0.06;1;0;BEAGLE;.;.;.;SIMPLE;Statelova2023;E
50;0.5;.;7.03;7.03;0;.;0;0.06;1;0;BEAGLE;.;.;.;SIMPLE;Statelova2023;E
50;0.75;.;5.07;5.07;0;.;0;0.06;1;0;BEAGLE;.;.;.;SIMPLE;Statelova2023;E
50;1;.;3.6;3.6;0;.;0;0.06;1;0;BEAGLE;.;.;.;SIMPLE;Statelova2023;E
50;2;.;0.82;0.82;0;.;0;0.06;1;0;BEAGLE;.;.;.;SIMPLE;Statelova2023;E
50;3;.;0.3;0.3;0;.;0;0.06;1;0;BEAGLE;.;.;.;SIMPLE;Statelova2023;E
50;4;.;0.13;0.13;0;.;0;0.06;1;0;BEAGLE;.;.;.;SIMPLE;Statelova2023;E
50;6;.;0.12;0.12;0;.;0;0.06;1;0;BEAGLE;.;.;.;SIMPLE;Statelova2023;E
50;8;.;0.12;0.12;0;.;0;0.06;1;0;BEAGLE;.;.;.;SIMPLE;Statelova2023;E
50;10;.;0.07;0.07;0;.;0;0.06;1;0;BEAGLE;.;.;.;SIMPLE;Statelova2023;E
51;0;15;.;.;1;.;0;0.06;1;0;BEAGLE;.;.;.;SIMPLE;Statelova2023;E
51;0.17;.;12.56;12.56;0;.;0;0.06;1;0;BEAGLE;.;.;.;SIMPLE;Statelova2023;E
51;0.33;.;8.65;8.65;0;.;0;0.06;1;0;BEAGLE;.;.;.;SIMPLE;Statelova2023;E
51;0.5;.;7.51;7.51;0;.;0;0.06;1;0;BEAGLE;.;.;.;SIMPLE;Statelova2023;E
51;0.75;.;4.91;4.91;0;.;0;0.06;1;0;BEAGLE;.;.;.;SIMPLE;Statelova2023;E
51;1;.;3.39;3.39;0;.;0;0.06;1;0;BEAGLE;.;.;.;SIMPLE;Statelova2023;E
51;2;.;0.9;0.9;0;.;0;0.06;1;0;BEAGLE;.;.;.;SIMPLE;Statelova2023;E
51;3;.;0.38;0.38;0;.;0;0.06;1;0;BEAGLE;.;.;.;SIMPLE;Statelova2023;E
51;4;.;0.14;0.14;0;.;0;0.06;1;0;BEAGLE;.;.;.;SIMPLE;Statelova2023;E
51;6;.;0.13;0.13;0;.;0;0.06;1;0;BEAGLE;.;.;.;SIMPLE;Statelova2023;E
51;8;.;0.07;0.07;0;.;0;0.06;1;0;BEAGLE;.;.;.;SIMPLE;Statelova2023;E
51;10;.;.;.;1;.;0;0.06;1;0;BEAGLE;.;.;.;SIMPLE;Statelova2023;E
52;0;15;.;.;1;.;0;0.06;1;0;BEAGLE;.;.;.;SIMPLE;Statelova2023;E
52;0.17;.;13.95;13.95;0;.;0;0.06;1;0;BEAGLE;.;.;.;SIMPLE;Statelova2023;E
52;0.33;.;6.64;6.64;0;.;0;0.06;1;0;BEAGLE;.;.;.;SIMPLE;Statelova2023;E
52;0.5;.;7.7;7.7;0;.;0;0.06;1;0;BEAGLE;.;.;.;SIMPLE;Statelova2023;E
52;0.75;.;5.62;5.62;0;.;0;0.06;1;0;BEAGLE;.;.;.;SIMPLE;Statelova2023;E
52;1;.;4.01;4.01;0;.;0;0.06;1;0;BEAGLE;.;.;.;SIMPLE;Statelova2023;E
52;2;.;1.4;1.4;0;.;0;0.06;1;0;BEAGLE;.;.;.;SIMPLE;Statelova2023;E
52;3;.;0.47;0.47;0;.;0;0.06;1;0;BEAGLE;.;.;.;SIMPLE;Statelova2023;E
52;4;.;0.17;0.17;0;.;0;0.06;1;0;BEAGLE;.;.;.;SIMPLE;Statelova2023;E
52;6;.;0.18;0.18;0;.;0;0.06;1;0;BEAGLE;.;.;.;SIMPLE;Statelova2023;E
52;8;.;0.09;0.09;0;.;0;0.06;1;0;BEAGLE;.;.;.;SIMPLE;Statelova2023;E
52;10;.;0.06;0.06;0;0;1;0.06;1;0;BEAGLE;.;.;.;SIMPLE;Statelova2023;E
53;0;15;.;.;1;.;0;0.06;1;0;BEAGLE;.;.;.;SIMPLE;Statelova2023;E
53;0.17;.;12.47;12.47;0;.;0;0.06;1;0;BEAGLE;.;.;.;SIMPLE;Statelova2023;E
53;0.33;.;9.47;9.47;0;.;0;0.06;1;0;BEAGLE;.;.;.;SIMPLE;Statelova2023;E
53;0.5;.;7.93;7.93;0;.;0;0.06;1;0;BEAGLE;.;.;.;SIMPLE;Statelova2023;E
53;0.75;.;6.16;6.16;0;.;0;0.06;1;0;BEAGLE;.;.;.;SIMPLE;Statelova2023;E
53;1;.;3.98;3.98;0;.;0;0.06;1;0;BEAGLE;.;.;.;SIMPLE;Statelova2023;E
53;2;.;1.74;1.74;0;.;0;0.06;1;0;BEAGLE;.;.;.;SIMPLE;Statelova2023;E
53;3;.;0.57;0.57;0;.;0;0.06;1;0;BEAGLE;.;.;.;SIMPLE;Statelova2023;E
53;4;.;0.18;0.18;0;.;0;0.06;1;0;BEAGLE;.;.;.;SIMPLE;Statelova2023;E
53;6;.;0.14;0.14;0;.;0;0.06;1;0;BEAGLE;.;.;.;SIMPLE;Statelova2023;E
53;8;.;0.11;0.11;0;.;0;0.06;1;0;BEAGLE;.;.;.;SIMPLE;Statelova2023;E
53;10;.;0.07;0.07;0;.;0;0.06;1;0;BEAGLE;.;.;.;SIMPLE;Statelova2023;E
54;0;15;.;.;1;.;0;0.06;1;0;BEAGLE;.;.;.;SIMPLE;Statelova2023;E
54;0.17;.;13.96;13.96;0;.;0;0.06;1;0;BEAGLE;.;.;.;SIMPLE;Statelova2023;E
54;0.33;.;10.65;10.65;0;.;0;0.06;1;0;BEAGLE;.;.;.;SIMPLE;Statelova2023;E
54;0.5;.;8.13;8.13;0;.;0;0.06;1;0;BEAGLE;.;.;.;SIMPLE;Statelova2023;E
54;0.75;.;5.36;5.36;0;.;0;0.06;1;0;BEAGLE;.;.;.;SIMPLE;Statelova2023;E
54;1;.;4.32;4.32;0;.;0;0.06;1;0;BEAGLE;.;.;.;SIMPLE;Statelova2023;E
54;2;.;0.89;0.89;0;.;0;0.06;1;0;BEAGLE;.;.;.;SIMPLE;Statelova2023;E
54;3;.;0.3;0.3;0;.;0;0.06;1;0;BEAGLE;.;.;.;SIMPLE;Statelova2023;E
54;4;.;0.14;0.14;0;.;0;0.06;1;0;BEAGLE;.;.;.;SIMPLE;Statelova2023;E
54;6;.;0.12;0.12;0;.;0;0.06;1;0;BEAGLE;.;.;.;SIMPLE;Statelova2023;E
54;8;.;0.11;0.11;0;.;0;0.06;1;0;BEAGLE;.;.;.;SIMPLE;Statelova2023;E
54;10;.;.;.;1;.;0;0.06;1;0;BEAGLE;.;.;.;SIMPLE;Statelova2023;E
55;0;15;.;.;1;.;0;0.06;1;0;BEAGLE;.;.;.;SIMPLE;Statelova2023;E
55;0.17;.;14.24;14.24;0;.;0;0.06;1;0;BEAGLE;.;.;.;SIMPLE;Statelova2023;E
55;0.33;.;11.31;11.31;0;.;0;0.06;1;0;BEAGLE;.;.;.;SIMPLE;Statelova2023;E
55;0.5;.;8.1;8.1;0;.;0;0.06;1;0;BEAGLE;.;.;.;SIMPLE;Statelova2023;E
55;0.75;.;5.3;5.3;0;.;0;0.06;1;0;BEAGLE;.;.;.;SIMPLE;Statelova2023;E
55;1;.;3.81;3.81;0;.;0;0.06;1;0;BEAGLE;.;.;.;SIMPLE;Statelova2023;E
55;2;.;0.83;0.83;0;.;0;0.06;1;0;BEAGLE;.;.;.;SIMPLE;Statelova2023;E
55;3;.;0.35;0.35;0;.;0;0.06;1;0;BEAGLE;.;.;.;SIMPLE;Statelova2023;E
55;4;.;0.19;0.19;0;.;0;0.06;1;0;BEAGLE;.;.;.;SIMPLE;Statelova2023;E
55;6;.;0.14;0.14;0;.;0;0.06;1;0;BEAGLE;.;.;.;SIMPLE;Statelova2023;E
55;8;.;0.11;0.11;0;.;0;0.06;1;0;BEAGLE;.;.;.;SIMPLE;Statelova2023;E
55;10;.;0.07;0.07;0;.;0;0.06;1;0;BEAGLE;.;.;.;SIMPLE;Statelova2023;E
56;0;10;.;.;1;.;0;0.05;1;1;Various;37.5;1;1;MULTIPLE;Granados2025;A
56;0.083333333;.;10.10981342;10.10981342;0;.;0;0.05;1;1;Various;37.5;1;1;MULTIPLE;Granados2025;A
56;0.166666667;.;8.29908771;8.29908771;0;.;0;0.05;1;1;Various;37.5;1;1;MULTIPLE;Granados2025;A
56;0.25;.;5.53969042;5.53969042;0;.;0;0.05;1;1;Various;37.5;1;1;MULTIPLE;Granados2025;A
56;0.5;.;6.053789719;6.053789719;0;.;0;0.05;1;1;Various;37.5;1;1;MULTIPLE;Granados2025;A
56;1;.;1.41038796;1.41038796;0;.;0;0.05;1;1;Various;37.5;1;1;MULTIPLE;Granados2025;A
56;1.5;.;0.681489557;0.681489557;0;.;0;0.05;1;1;Various;37.5;1;1;MULTIPLE;Granados2025;A
56;2;.;0.154347788;0.154347788;0;.;0;0.05;1;1;Various;37.5;1;1;MULTIPLE;Granados2025;A
56;3;.;0.032388738;0.032388738;0;.;0;0.05;1;1;Various;37.5;1;1;MULTIPLE;Granados2025;A
56;4;.;0.061701344;0.061701344;0;.;0;0.05;1;1;Various;37.5;1;1;MULTIPLE;Granados2025;A
56;6;.;0.029684334;0.05;0;0;1;0.05;1;1;Various;37.5;1;1;MULTIPLE;Granados2025;A
56;8;.;.;.;1;.;0;0.05;1;1;Various;37.5;1;1;MULTIPLE;Granados2025;A
56;8.1;10;.;.;1;.;0;0.05;1;1;Various;37.5;1;1;MULTIPLE;Granados2025;A
56;8.33;.;9.090159999;9.090159999;0;.;0;0.05;1;1;Various;37.5;1;1;MULTIPLE;Granados2025;A
56;12;.;0.051847578;0.051847578;0;.;0;0.05;1;1;Various;37.5;1;1;MULTIPLE;Granados2025;A
56;16;.;.;.;0;.;0;0.05;1;1;Various;37.5;1;1;MULTIPLE;Granados2025;A
56;16.1;10;.;.;1;.;0;0.05;1;1;Various;37.5;1;1;MULTIPLE;Granados2025;A
56;16.33;.;10.0474629;10.0474629;0;.;0;0.05;1;1;Various;37.5;1;1;MULTIPLE;Granados2025;A
56;20;.;0.038816515;0.05;0;0;1;0.05;1;1;Various;37.5;1;1;MULTIPLE;Granados2025;A
56;21;.;.;.;1;.;0;0.05;1;1;Various;37.5;1;1;MULTIPLE;Granados2025;A
56;22;.;0.010559643;0.05;0;0;1;0.05;1;1;Various;37.5;1;1;MULTIPLE;Granados2025;A
56;23;.;.;.;1;.;0;0.05;1;1;Various;37.5;1;1;MULTIPLE;Granados2025;A
56;24;;.;.;1;.;0;0.05;1;1;Various;37.5;1;1;MULTIPLE;Granados2025;A
56;24.1;10;.;.;1;.;0;0.05;1;1;Various;37.5;1;1;MULTIPLE;Granados2025;A
56;24.33;.;8.09583663;8.09583663;0;.;0;0.05;1;1;Various;37.5;1;1;MULTIPLE;Granados2025;A
57;0;10;.;.;1;.;0;0.05;1;1;GREYHOUND;18.5;3;1;MULTIPLE;Granados2025;A
57;0.083333333;.;10.443432;10.443432;0;.;0;0.05;1;1;GREYHOUND;18.5;3;1;MULTIPLE;Granados2025;A
57;0.166666667;.;9.095907038;9.095907038;0;.;0;0.05;1;1;GREYHOUND;18.5;3;1;MULTIPLE;Granados2025;A
57;0.25;.;9.498108694;9.498108694;0;.;0;0.05;1;1;GREYHOUND;18.5;3;1;MULTIPLE;Granados2025;A
57;0.5;.;8.44525558;8.44525558;0;.;0;0.05;1;1;GREYHOUND;18.5;3;1;MULTIPLE;Granados2025;A
57;1;.;2.975153679;2.975153679;0;.;0;0.05;1;1;GREYHOUND;18.5;3;1;MULTIPLE;Granados2025;A
57;1.5;.;1.270574073;1.270574073;0;.;0;0.05;1;1;GREYHOUND;18.5;3;1;MULTIPLE;Granados2025;A
57;2;.;1.194314718;1.194314718;0;.;0;0.05;1;1;GREYHOUND;18.5;3;1;MULTIPLE;Granados2025;A
57;3;.;0.436681609;0.436681609;0;.;0;0.05;1;1;GREYHOUND;18.5;3;1;MULTIPLE;Granados2025;A
57;4;.;0.281472739;0.281472739;0;.;0;0.05;1;1;GREYHOUND;18.5;3;1;MULTIPLE;Granados2025;A
57;6;.;0.1956431;0.1956431;0;.;0;0.05;1;1;GREYHOUND;18.5;3;1;MULTIPLE;Granados2025;A
57;8;.;0.076407107;0.076407107;0;.;0;0.05;1;1;GREYHOUND;18.5;3;1;MULTIPLE;Granados2025;A
57;8.1;10;.;.;1;.;0;0.05;1;1;GREYHOUND;18.5;3;1;MULTIPLE;Granados2025;A
57;8.33;.;8.547222609;8.547222609;0;.;0;0.05;1;1;GREYHOUND;18.5;3;1;MULTIPLE;Granados2025;A
57;12;.;0.633067163;0.633067163;0;.;0;0.05;1;1;GREYHOUND;18.5;3;1;MULTIPLE;Granados2025;A
57;16;.;0.198090421;0.198090421;0;.;0;0.05;1;1;GREYHOUND;18.5;3;1;MULTIPLE;Granados2025;A
57;16.1;10;.;.;1;.;0;0.05;1;1;GREYHOUND;18.5;3;1;MULTIPLE;Granados2025;A
57;16.33;.;6.960981287;6.960981287;0;.;0;0.05;1;1;GREYHOUND;18.5;3;1;MULTIPLE;Granados2025;A
57;20;.;0.40228099;0.40228099;0;.;0;0.05;1;1;GREYHOUND;18.5;3;1;MULTIPLE;Granados2025;A
57;21;.;.;.;1;.;0;0.05;1;1;GREYHOUND;18.5;3;1;MULTIPLE;Granados2025;A
57;22;.;.;.;1;.;0;0.05;1;1;GREYHOUND;18.5;3;1;MULTIPLE;Granados2025;A
57;23;.;.;.;1;.;0;0.05;1;1;GREYHOUND;18.5;3;1;MULTIPLE;Granados2025;A
57;24;;.;.;1;.;0;0.05;1;1;GREYHOUND;18.5;3;1;MULTIPLE;Granados2025;A
58;0;10;.;.;1;.;0;0.05;1;1;Various;32;1;1;MULTIPLE;Granados2025;A
58;0.083333333;.;9.47268853;9.47268853;0;.;0;0.05;1;1;Various;32;1;1;MULTIPLE;Granados2025;A
58;0.166666667;.;6.081550983;6.081550983;0;.;0;0.05;1;1;Various;32;1;1;MULTIPLE;Granados2025;A
58;0.25;.;8.06661235;8.06661235;0;.;0;0.05;1;1;Various;32;1;1;MULTIPLE;Granados2025;A
58;0.5;.;4.167286508;4.167286508;0;.;0;0.05;1;1;Various;32;1;1;MULTIPLE;Granados2025;A
58;1;.;1.987983969;1.987983969;0;.;0;0.05;1;1;Various;32;1;1;MULTIPLE;Granados2025;A
58;1.5;.;0.708470405;0.708470405;0;.;0;0.05;1;1;Various;32;1;1;MULTIPLE;Granados2025;A
58;2;.;0.4139986;0.4139986;0;.;0;0.05;1;1;Various;32;1;1;MULTIPLE;Granados2025;A
58;3;.;0.278687915;0.278687915;0;.;0;0.05;1;1;Various;32;1;1;MULTIPLE;Granados2025;A
58;4;.;0.108535513;0.108535513;0;.;0;0.05;1;1;Various;32;1;1;MULTIPLE;Granados2025;A
58;6;.;0.064071693;0.064071693;0;.;0;0.05;1;1;Various;32;1;1;MULTIPLE;Granados2025;A
58;8;.;0.010555399;0.05;0;0;1;0.05;1;1;Various;32;1;1;MULTIPLE;Granados2025;A
58;8.1;10;.;.;1;.;0;0.05;1;1;Various;32;1;1;MULTIPLE;Granados2025;A
58;8.33;.;7.64417851;7.64417851;0;.;0;0.05;1;1;Various;32;1;1;MULTIPLE;Granados2025;A
58;12;.;0.07070744;0.07070744;0;.;0;0.05;1;1;Various;32;1;1;MULTIPLE;Granados2025;A
58;16;.;0.014567039;0.05;0;0;1;0.05;1;1;Various;32;1;1;MULTIPLE;Granados2025;A
58;16.1;10;.;.;1;.;0;0.05;1;1;Various;32;1;1;MULTIPLE;Granados2025;A
58;16.33;.;8.275784;8.275784;0;.;0;0.05;1;1;Various;32;1;1;MULTIPLE;Granados2025;A
58;20;.;0.04804211;0.05;0;0;1;0.05;1;1;Various;32;1;1;MULTIPLE;Granados2025;A
58;21;.;0.018033241;0.05;0;0;1;0.05;1;1;Various;32;1;1;MULTIPLE;Granados2025;A
58;22;.;0.007606103;0.05;0;0;1;0.05;1;1;Various;32;1;1;MULTIPLE;Granados2025;A
58;23;.;0.010040372;0.05;0;0;1;0.05;1;1;Various;32;1;1;MULTIPLE;Granados2025;A
58;24;;.;0.05;1;.;0;0.05;1;1;Various;32;1;1;MULTIPLE;Granados2025;A
58;24.1;10;.;.;1;.;0;0.05;1;1;Various;32;1;1;MULTIPLE;Granados2025;A
58;24.33;.;6.950672298;6.950672298;0;.;0;0.05;1;1;Various;32;1;1;MULTIPLE;Granados2025;A
59;0;10;.;.;1;.;0;0.05;1;1;GREYHOUND;16;1;1;MULTIPLE;Granados2025;A
59;0.083333333;.;10.85955525;10.85955525;0;.;0;0.05;1;1;GREYHOUND;16;1;1;MULTIPLE;Granados2025;A
59;0.166666667;.;11.16334436;11.16334436;0;.;0;0.05;1;1;GREYHOUND;16;1;1;MULTIPLE;Granados2025;A
59;0.25;.;9.512613421;9.512613421;0;.;0;0.05;1;1;GREYHOUND;16;1;1;MULTIPLE;Granados2025;A
59;0.5;.;8.804495284;8.804495284;0;.;0;0.05;1;1;GREYHOUND;16;1;1;MULTIPLE;Granados2025;A
59;1;.;1.856729546;1.856729546;0;.;0;0.05;1;1;GREYHOUND;16;1;1;MULTIPLE;Granados2025;A
59;1.5;.;0.851342342;0.851342342;0;.;0;0.05;1;1;GREYHOUND;16;1;1;MULTIPLE;Granados2025;A
59;2;.;0.687030667;0.687030667;0;.;0;0.05;1;1;GREYHOUND;16;1;1;MULTIPLE;Granados2025;A
59;3;.;0.106845456;0.106845456;0;.;0;0.05;1;1;GREYHOUND;16;1;1;MULTIPLE;Granados2025;A
59;4;.;0.118637274;0.118637274;0;.;0;0.05;1;1;GREYHOUND;16;1;1;MULTIPLE;Granados2025;A
59;6;.;0.097739617;0.097739617;0;.;0;0.05;1;1;GREYHOUND;16;1;1;MULTIPLE;Granados2025;A
59;8;.;0.068725544;0.068725544;0;.;0;0.05;1;1;GREYHOUND;16;1;1;MULTIPLE;Granados2025;A
59;8.1;10;.;.;1;.;0;0.05;1;1;GREYHOUND;16;1;1;MULTIPLE;Granados2025;A
59;8.33;.;8.11539402;8.11539402;0;.;0;0.05;1;1;GREYHOUND;16;1;1;MULTIPLE;Granados2025;A
59;12;.;0.142204272;0.142204272;0;.;0;0.05;1;1;GREYHOUND;16;1;1;MULTIPLE;Granados2025;A
59;16;.;0.102883227;0.102883227;0;.;0;0.05;1;1;GREYHOUND;16;1;1;MULTIPLE;Granados2025;A
59;16.1;10;.;.;1;.;0;0.05;1;1;GREYHOUND;16;1;1;MULTIPLE;Granados2025;A
59;16.33;.;6.062038274;6.062038274;0;.;0;0.05;1;1;GREYHOUND;16;1;1;MULTIPLE;Granados2025;A
59;20;.;0.47037419;0.47037419;0;.;0;0.05;1;1;GREYHOUND;16;1;1;MULTIPLE;Granados2025;A
59;21;.;0.117249393;0.117249393;0;.;0;0.05;1;1;GREYHOUND;16;1;1;MULTIPLE;Granados2025;A
59;22;.;0.094604991;0.094604991;0;.;0;0.05;1;1;GREYHOUND;16;1;1;MULTIPLE;Granados2025;A
59;23;.;0.087912465;0.087912465;0;.;0;0.05;1;1;GREYHOUND;16;1;1;MULTIPLE;Granados2025;A
59;24;;0.076885416;0.076885416;0;.;0;0.05;1;1;GREYHOUND;16;1;1;MULTIPLE;Granados2025;A
59;24.1;10;.;.;1;.;0;0.05;1;1;GREYHOUND;16;1;1;MULTIPLE;Granados2025;A
59;24.33;.;6.968364364;6.968364364;0;.;0;0.05;1;1;GREYHOUND;16;1;1;MULTIPLE;Granados2025;A
60;0;10;.;.;1;.;0;0.05;1;1;GREYHOUND;15.8;3;1;MULTIPLE;Granados2025;A
60;0.083333333;.;12.48718217;12.48718217;0;.;0;0.05;1;1;GREYHOUND;15.8;3;1;MULTIPLE;Granados2025;A
60;0.166666667;.;11.96748765;11.96748765;0;.;0;0.05;1;1;GREYHOUND;15.8;3;1;MULTIPLE;Granados2025;A
60;0.25;.;12.46973622;12.46973622;0;.;0;0.05;1;1;GREYHOUND;15.8;3;1;MULTIPLE;Granados2025;A
60;0.5;.;10.09904916;10.09904916;0;.;0;0.05;1;1;GREYHOUND;15.8;3;1;MULTIPLE;Granados2025;A
60;1;.;3.893316397;3.893316397;0;.;0;0.05;1;1;GREYHOUND;15.8;3;1;MULTIPLE;Granados2025;A
60;1.5;.;2.6806101;2.6806101;0;.;0;0.05;1;1;GREYHOUND;15.8;3;1;MULTIPLE;Granados2025;A
60;2;.;1.8870339;1.8870339;0;.;0;0.05;1;1;GREYHOUND;15.8;3;1;MULTIPLE;Granados2025;A
60;3;.;0.418438848;0.418438848;0;.;0;0.05;1;1;GREYHOUND;15.8;3;1;MULTIPLE;Granados2025;A
60;4;.;0.191124866;0.191124866;0;.;0;0.05;1;1;GREYHOUND;15.8;3;1;MULTIPLE;Granados2025;A
60;6;.;0.11830511;0.11830511;0;.;0;0.05;1;1;GREYHOUND;15.8;3;1;MULTIPLE;Granados2025;A
60;8;.;0.079412797;0.079412797;0;.;0;0.05;1;1;GREYHOUND;15.8;3;1;MULTIPLE;Granados2025;A
60;8.1;10;.;.;1;.;0;0.05;1;1;GREYHOUND;15.8;3;1;MULTIPLE;Granados2025;A
60;8.33;.;10.36528224;10.36528224;0;.;0;0.05;1;1;GREYHOUND;15.8;3;1;MULTIPLE;Granados2025;A
60;12;.;0.214561228;0.214561228;0;.;0;0.05;1;1;GREYHOUND;15.8;3;1;MULTIPLE;Granados2025;A
60;16;.;0.089518468;0.089518468;0;.;0;0.05;1;1;GREYHOUND;15.8;3;1;MULTIPLE;Granados2025;A
60;16.1;10;.;.;1;.;0;0.05;1;1;GREYHOUND;15.8;3;1;MULTIPLE;Granados2025;A
60;16.33;.;8.584824991;8.584824991;0;.;0;0.05;1;1;GREYHOUND;15.8;3;1;MULTIPLE;Granados2025;A
60;20;.;0.29326179;0.29326179;0;.;0;0.05;1;1;GREYHOUND;15.8;3;1;MULTIPLE;Granados2025;A
60;21;.;0.16619093;0.16619093;0;.;0;0.05;1;1;GREYHOUND;15.8;3;1;MULTIPLE;Granados2025;A
60;22;.;0.099399193;0.099399193;0;.;0;0.05;1;1;GREYHOUND;15.8;3;1;MULTIPLE;Granados2025;A
60;23;.;0.080481569;0.080481569;0;.;0;0.05;1;1;GREYHOUND;15.8;3;1;MULTIPLE;Granados2025;A
60;24;;0.075399543;0.075399543;0;.;0;0.05;1;1;GREYHOUND;15.8;3;1;MULTIPLE;Granados2025;A
60;24.1;10;.;.;1;.;0;0.05;1;1;GREYHOUND;15.8;3;1;MULTIPLE;Granados2025;A
60;24.33;.;9.14556165;9.14556165;0;.;0;0.05;1;1;GREYHOUND;15.8;3;1;MULTIPLE;Granados2025;A
61;0;10;.;.;1;.;0;0.05;1;1;Various;15.9;1;1;MULTIPLE;Granados2025;A
61;0.083333333;.;.;.;1;.;0;0.05;1;1;Various;15.9;1;1;MULTIPLE;Granados2025;A
61;0.166666667;.;.;.;1;.;0;0.05;1;1;Various;15.9;1;1;MULTIPLE;Granados2025;A
61;0.25;.;.;.;1;.;0;0.05;1;1;Various;15.9;1;1;MULTIPLE;Granados2025;A
61;0.5;.;.;.;1;.;0;0.05;1;1;Various;15.9;1;1;MULTIPLE;Granados2025;A
61;1;.;.;.;1;.;0;0.05;1;1;Various;15.9;1;1;MULTIPLE;Granados2025;A
61;1.5;.;.;.;1;.;0;0.05;1;1;Various;15.9;1;1;MULTIPLE;Granados2025;A
61;2;.;.;.;1;.;0;0.05;1;1;Various;15.9;1;1;MULTIPLE;Granados2025;A
61;3;.;.;.;1;.;0;0.05;1;1;Various;15.9;1;1;MULTIPLE;Granados2025;A
61;4;.;0.102552938;0.102552938;0;.;0;0.05;1;1;Various;15.9;1;1;MULTIPLE;Granados2025;A
61;6;.;.;.;1;.;0;0.05;1;1;Various;15.9;1;1;MULTIPLE;Granados2025;A
61;8;.;.;.;1;.;0;0.05;1;1;Various;15.9;1;1;MULTIPLE;Granados2025;A
61;8.1;10;.;.;1;.;0;0.05;1;1;Various;15.9;1;1;MULTIPLE;Granados2025;A
61;8.33;.;.;.;1;.;0;0.05;1;1;Various;15.9;1;1;MULTIPLE;Granados2025;A
61;12;.;0.106498131;0.106498131;0;.;0;0.05;1;1;Various;15.9;1;1;MULTIPLE;Granados2025;A
61;16;.;.;.;1;.;0;0.05;1;1;Various;15.9;1;1;MULTIPLE;Granados2025;A
61;16.1;10;.;.;1;.;0;0.05;1;1;Various;15.9;1;1;MULTIPLE;Granados2025;A
61;16.33;.;.;.;1;.;0;0.05;1;1;Various;15.9;1;1;MULTIPLE;Granados2025;A
61;20;.;.;.;1;.;0;0.05;1;1;Various;15.9;1;1;MULTIPLE;Granados2025;A
61;21;.;.;.;1;.;0;0.05;1;1;Various;15.9;1;1;MULTIPLE;Granados2025;A
61;22;.;.;.;1;.;0;0.05;1;1;Various;15.9;1;1;MULTIPLE;Granados2025;A
61;23;.;.;.;1;.;0;0.05;1;1;Various;15.9;1;1;MULTIPLE;Granados2025;A
61;24;;0.029642147;0.05;0;0;1;0.05;1;1;Various;15.9;1;1;MULTIPLE;Granados2025;A
61;24.1;10;.;.;1;.;0;0.05;1;1;Various;15.9;1;1;MULTIPLE;Granados2025;A
61;24.33;.;7.39313461;7.39313461;0;.;0;0.05;1;1;Various;15.9;1;1;MULTIPLE;Granados2025;A
62;0;10;.;.;1;.;0;0.05;1;1;Various;9.9;2;1;MULTIPLE;Granados2025;A
62;0.083333333;.;.;.;1;.;0;0.05;1;1;Various;9.9;2;1;MULTIPLE;Granados2025;A
62;0.166666667;.;9.309479264;9.309479264;0;.;0;0.05;1;1;Various;9.9;2;1;MULTIPLE;Granados2025;A
62;0.25;.;.;.;1;.;0;0.05;1;1;Various;9.9;2;1;MULTIPLE;Granados2025;A
62;0.5;.;8.195715439;8.195715439;0;.;0;0.05;1;1;Various;9.9;2;1;MULTIPLE;Granados2025;A
62;1;.;.;.;1;.;0;0.05;1;1;Various;9.9;2;1;MULTIPLE;Granados2025;A
62;1.5;.;3.780687448;3.780687448;0;.;0;0.05;1;1;Various;9.9;2;1;MULTIPLE;Granados2025;A
62;2;.;.;.;1;.;0;0.05;1;1;Various;9.9;2;1;MULTIPLE;Granados2025;A
62;3;.;0.690666267;0.690666267;0;.;0;0.05;1;1;Various;9.9;2;1;MULTIPLE;Granados2025;A
62;4;.;.;.;1;.;0;0.05;1;1;Various;9.9;2;1;MULTIPLE;Granados2025;A
62;6;.;.;.;1;.;0;0.05;1;1;Various;9.9;2;1;MULTIPLE;Granados2025;A
62;8;.;0.583967899;0.583967899;0;.;0;0.05;1;1;Various;9.9;2;1;MULTIPLE;Granados2025;A
62;8.1;10;.;.;1;.;0;0.05;1;1;Various;9.9;2;1;MULTIPLE;Granados2025;A
62;8.33;.;8.485434269;8.485434269;0;.;0;0.05;1;1;Various;9.9;2;1;MULTIPLE;Granados2025;A
62;12;.;.;.;1;.;0;0.05;1;1;Various;9.9;2;1;MULTIPLE;Granados2025;A
62;16;.;.;.;1;.;0;0.05;1;1;Various;9.9;2;1;MULTIPLE;Granados2025;A
63;0;10;.;.;1;.;0;0.05;1;1;Various;11.7;12;1;MULTIPLE;Granados2025;A
63;0.083333333;.;16.01583559;16.01583559;0;.;0;0.05;1;1;Various;11.7;12;1;MULTIPLE;Granados2025;A
63;0.166666667;.;14.42540556;14.42540556;0;.;0;0.05;1;1;Various;11.7;12;1;MULTIPLE;Granados2025;A
63;0.25;.;16.99786028;16.99786028;0;.;0;0.05;1;1;Various;11.7;12;1;MULTIPLE;Granados2025;A
63;0.5;.;8.532596442;8.532596442;0;.;0;0.05;1;1;Various;11.7;12;1;MULTIPLE;Granados2025;A
63;1;.;2.151017626;2.151017626;0;.;0;0.05;1;1;Various;11.7;12;1;MULTIPLE;Granados2025;A
63;1.5;.;1.34627488;1.34627488;0;.;0;0.05;1;1;Various;11.7;12;1;MULTIPLE;Granados2025;A
63;2;.;0.82886644;0.82886644;0;.;0;0.05;1;1;Various;11.7;12;1;MULTIPLE;Granados2025;A
63;3;.;0.945373;0.945373;0;.;0;0.05;1;1;Various;11.7;12;1;MULTIPLE;Granados2025;A
63;4;.;0.632160186;0.632160186;0;.;0;0.05;1;1;Various;11.7;12;1;MULTIPLE;Granados2025;A
63;6;.;0.987922;0.987922;0;.;0;0.05;1;1;Various;11.7;12;1;MULTIPLE;Granados2025;A
63;8;.;0.43374732;0.43374732;0;.;0;0.05;1;1;Various;11.7;12;1;MULTIPLE;Granados2025;A
63;8.1;10;.;.;1;.;0;0.05;1;1;Various;11.7;12;1;MULTIPLE;Granados2025;A
63;8.33;.;10.03562801;10.03562801;0;.;0;0.05;1;1;Various;11.7;12;1;MULTIPLE;Granados2025;A
63;12;.;0.512160981;0.512160981;0;.;0;0.05;1;1;Various;11.7;12;1;MULTIPLE;Granados2025;A
63;16;.;0.28337475;0.28337475;0;.;0;0.05;1;1;Various;11.7;12;1;MULTIPLE;Granados2025;A
63;16.1;10;.;.;1;.;0;0.05;1;1;Various;11.7;12;1;MULTIPLE;Granados2025;A
63;16.33;.;6.349668459;6.349668459;0;.;0;0.05;1;1;Various;11.7;12;1;MULTIPLE;Granados2025;A
63;20;.;0.621609809;0.621609809;0;.;0;0.05;1;1;Various;11.7;12;1;MULTIPLE;Granados2025;A
63;21;.;0.417770901;0.417770901;0;.;0;0.05;1;1;Various;11.7;12;1;MULTIPLE;Granados2025;A
63;22;.;0.710270775;0.710270775;0;.;0;0.05;1;1;Various;11.7;12;1;MULTIPLE;Granados2025;A
63;23;.;0.51125945;0.51125945;0;.;0;0.05;1;1;Various;11.7;12;1;MULTIPLE;Granados2025;A
63;24;;0.211083375;0.211083375;0;.;0;0.05;1;1;Various;11.7;12;1;MULTIPLE;Granados2025;A
63;24.1;10;.;.;1;.;0;0.05;1;1;Various;11.7;12;1;MULTIPLE;Granados2025;A
63;24.33;.;6.387034789;6.387034789;0;.;0;0.05;1;1;Various;11.7;12;1;MULTIPLE;Granados2025;A
64;0;10;.;.;1;.;0;0.05;1;1;GREYHOUND;17.4;1;1;MULTIPLE;Granados2025;A
64;0.083333333;.;10.8397108;10.8397108;0;.;0;0.05;1;1;GREYHOUND;17.4;1;1;MULTIPLE;Granados2025;A
64;0.166666667;.;.;.;1;.;0;0.05;1;1;GREYHOUND;17.4;1;1;MULTIPLE;Granados2025;A
64;0.25;.;.;.;1;.;0;0.05;1;1;GREYHOUND;17.4;1;1;MULTIPLE;Granados2025;A
64;0.5;.;9.424946189;9.424946189;0;.;0;0.05;1;1;GREYHOUND;17.4;1;1;MULTIPLE;Granados2025;A
64;1;.;.;.;1;.;0;0.05;1;1;GREYHOUND;17.4;1;1;MULTIPLE;Granados2025;A
64;1.5;.;.;.;1;.;0;0.05;1;1;GREYHOUND;17.4;1;1;MULTIPLE;Granados2025;A
64;2;.;0.237762754;0.237762754;0;.;0;0.05;1;1;GREYHOUND;17.4;1;1;MULTIPLE;Granados2025;A
64;3;.;.;.;1;.;0;0.05;1;1;GREYHOUND;17.4;1;1;MULTIPLE;Granados2025;A
64;4;.;.;.;1;.;0;0.05;1;1;GREYHOUND;17.4;1;1;MULTIPLE;Granados2025;A
64;6;.;0.653664239;0.653664239;0;.;0;0.05;1;1;GREYHOUND;17.4;1;1;MULTIPLE;Granados2025;A
64;8;.;.;.;1;.;0;0.05;1;1;GREYHOUND;17.4;1;1;MULTIPLE;Granados2025;A
64;8.1;10;.;.;1;.;0;0.05;1;1;GREYHOUND;17.4;1;1;MULTIPLE;Granados2025;A
64;8.33;.;.;.;1;.;0;0.05;1;1;GREYHOUND;17.4;1;1;MULTIPLE;Granados2025;A
64;12;.;0.40230263;0.40230263;0;.;0;0.05;1;1;GREYHOUND;17.4;1;1;MULTIPLE;Granados2025;A
64;16;.;.;.;1;.;0;0.05;1;1;GREYHOUND;17.4;1;1;MULTIPLE;Granados2025;A
65;0;10;.;.;1;.;0;0.05;1;1;Various;10;4;1;MULTIPLE;Granados2025;A
65;0.083333333;.;13.59419743;13.59419743;0;.;0;0.05;1;1;Various;10;4;1;MULTIPLE;Granados2025;A
65;0.166666667;.;6.73874307;6.73874307;0;.;0;0.05;1;1;Various;10;4;1;MULTIPLE;Granados2025;A
65;0.25;.;2.501906519;2.501906519;0;.;0;0.05;1;1;Various;10;4;1;MULTIPLE;Granados2025;A
65;0.5;.;.;.;1;.;0;0.05;1;1;Various;10;4;1;MULTIPLE;Granados2025;A
65;1;.;0.154079007;0.154079007;0;.;0;0.05;1;1;Various;10;4;1;MULTIPLE;Granados2025;A
65;1.5;.;.;.;1;.;0;0.05;1;1;Various;10;4;1;MULTIPLE;Granados2025;A
65;2;.;0.048346881;0.05;0;0;1;0.05;1;1;Various;10;4;1;MULTIPLE;Granados2025;A
65;3;.;.;.;1;.;0;0.05;1;1;Various;10;4;1;MULTIPLE;Granados2025;A
65;4;.;0.012442813;0.05;0;0;1;0.05;1;1;Various;10;4;1;MULTIPLE;Granados2025;A
65;6;.;0.010188304;0.05;0;0;1;0.05;1;1;Various;10;4;1;MULTIPLE;Granados2025;A
65;8;.;.;.;1;.;0;0.05;1;1;Various;10;4;1;MULTIPLE;Granados2025;A
65;8.1;10;.;.;1;.;0;0.05;1;1;Various;10;4;1;MULTIPLE;Granados2025;A
65;8.33;.;8.908726797;8.908726797;0;.;0;0.05;1;1;Various;10;4;1;MULTIPLE;Granados2025;A
65;12;.;.;.;1;.;0;0.05;1;1;Various;10;4;1;MULTIPLE;Granados2025;A
65;16;.;.;.;1;.;0;0.05;1;1;Various;10;4;1;MULTIPLE;Granados2025;A
65;16.1;10;.;.;1;.;0;0.05;1;1;Various;10;4;1;MULTIPLE;Granados2025;A
65;16.33;.;.;.;0;.;0;0.05;1;1;Various;10;4;1;MULTIPLE;Granados2025;A
65;20;.;0.010444067;0.05;0;0;1;0.05;1;1;Various;10;4;1;MULTIPLE;Granados2025;A
65;21;.;.;.;1;.;0;0.05;1;1;Various;10;4;1;MULTIPLE;Granados2025;A
65;22;.;.;.;1;.;0;0.05;1;1;Various;10;4;1;MULTIPLE;Granados2025;A
65;23;.;.;.;1;.;0;0.05;1;1;Various;10;4;1;MULTIPLE;Granados2025;A
65;24;;.;.;1;.;0;0.05;1;1;Various;10;4;1;MULTIPLE;Granados2025;A
65;24.1;10;.;.;1;.;0;0.05;1;1;Various;10;4;1;MULTIPLE;Granados2025;A
65;24.33;.;4.750348123;4.750348123;0;.;0;0.05;1;1;Various;10;4;1;MULTIPLE;Granados2025;A
66;0;10;.;.;1;.;0;0.05;1;1;Various;10;10;1;MULTIPLE;Granados2025;A
66;0.083333333;.;9.603764348;9.603764348;0;.;0;0.05;1;1;Various;10;10;1;MULTIPLE;Granados2025;A
66;0.166666667;.;9.297557676;9.297557676;0;.;0;0.05;1;1;Various;10;10;1;MULTIPLE;Granados2025;A
66;0.25;.;8.17210452;8.17210452;0;.;0;0.05;1;1;Various;10;10;1;MULTIPLE;Granados2025;A
66;0.5;.;.;.;1;.;0;0.05;1;1;Various;10;10;1;MULTIPLE;Granados2025;A
66;1;.;.;.;1;.;0;0.05;1;1;Various;10;10;1;MULTIPLE;Granados2025;A
66;1.5;.;2.708961926;2.708961926;0;.;0;0.05;1;1;Various;10;10;1;MULTIPLE;Granados2025;A
66;2;.;.;.;1;.;0;0.05;1;1;Various;10;10;1;MULTIPLE;Granados2025;A
66;3;.;0.832313363;0.832313363;0;.;0;0.05;1;1;Various;10;10;1;MULTIPLE;Granados2025;A
66;4;.;.;.;1;.;0;0.05;1;1;Various;10;10;1;MULTIPLE;Granados2025;A
66;6;.;0.220881151;0.220881151;0;.;0;0.05;1;1;Various;10;10;1;MULTIPLE;Granados2025;A
66;8;.;.;.;1;.;0;0.05;1;1;Various;10;10;1;MULTIPLE;Granados2025;A
66;8.1;10;.;.;1;.;0;0.05;1;1;Various;10;10;1;MULTIPLE;Granados2025;A
66;8.33;.;.;.;1;.;0;0.05;1;1;Various;10;10;1;MULTIPLE;Granados2025;A
66;12;.;.;.;1;.;0;0.05;1;1;Various;10;10;1;MULTIPLE;Granados2025;A
66;16;.;0.125641041;0.125641041;0;.;0;0.05;1;1;Various;10;10;1;MULTIPLE;Granados2025;A
66;16.1;10;.;.;1;.;0;0.05;1;1;Various;10;10;1;MULTIPLE;Granados2025;A
66;16.33;.;7.324210635;7.324210635;0;.;0;0.05;1;1;Various;10;10;1;MULTIPLE;Granados2025;A
66;20;.;.;.;1;.;0;0.05;1;1;Various;10;10;1;MULTIPLE;Granados2025;A
66;21;.;.;.;1;.;0;0.05;1;1;Various;10;10;1;MULTIPLE;Granados2025;A
66;22;.;.;.;1;.;0;0.05;1;1;Various;10;10;1;MULTIPLE;Granados2025;A
66;23;.;.;.;1;.;0;0.05;1;1;Various;10;10;1;MULTIPLE;Granados2025;A
66;24;;0.156697134;0.156697134;0;.;0;0.05;1;1;Various;10;10;1;MULTIPLE;Granados2025;A
66;24.1;10;.;.;1;.;0;0.05;1;1;Various;10;10;1;MULTIPLE;Granados2025;A
66;24.33;.;7.681188219;7.681188219;0;.;0;0.05;1;1;Various;10;10;1;MULTIPLE;Granados2025;A
67;0;20;.;.;1;.;0;0.05;1;1;Various;40;2;1;MULTIPLE;Granados2025;A
67;0.083333333;.;.;.;1;.;0;0.05;1;1;Various;40;2;1;MULTIPLE;Granados2025;A
67;0.166666667;.;13.86483504;13.86483504;0;.;0;0.05;1;1;Various;40;2;1;MULTIPLE;Granados2025;A
67;0.25;.;.;.;1;.;0;0.05;1;1;Various;40;2;1;MULTIPLE;Granados2025;A
67;0.5;.;8.940177811;8.940177811;0;.;0;0.05;1;1;Various;40;2;1;MULTIPLE;Granados2025;A
67;1;.;.;.;1;.;0;0.05;1;1;Various;40;2;1;MULTIPLE;Granados2025;A
67;1.5;.;2.18593653;2.18593653;0;.;0;0.05;1;1;Various;40;2;1;MULTIPLE;Granados2025;A
67;2;.;.;.;1;.;0;0.05;1;1;Various;40;2;1;MULTIPLE;Granados2025;A
67;3;.;0.80884225;0.80884225;0;.;0;0.05;1;1;Various;40;2;1;MULTIPLE;Granados2025;A
67;4;.;.;.;1;.;0;0.05;1;1;Various;40;2;1;MULTIPLE;Granados2025;A
67;6;.;0.120798695;0.120798695;0;.;0;0.05;1;1;Various;40;2;1;MULTIPLE;Granados2025;A
67;8;.;.;.;1;.;0;0.05;1;1;Various;40;2;1;MULTIPLE;Granados2025;A
67;8.1;20;.;.;1;.;0;0.05;1;1;Various;40;2;1;MULTIPLE;Granados2025;A
67;8.33;.;.;.;1;.;0;0.05;1;1;Various;40;2;1;MULTIPLE;Granados2025;A
67;12;.;0.348590472;0.348590472;0;.;0;0.05;1;1;Various;40;2;1;MULTIPLE;Granados2025;A
67;16;.;.;.;1;.;0;0.05;1;1;Various;40;2;1;MULTIPLE;Granados2025;A
67;16.1;20;.;.;1;.;0;0.05;1;1;Various;40;2;1;MULTIPLE;Granados2025;A
67;16.33;.;.;.;1;.;0;0.05;1;1;Various;40;2;1;MULTIPLE;Granados2025;A
67;20;.;.;.;1;.;0;0.05;1;1;Various;40;2;1;MULTIPLE;Granados2025;A
67;21;.;.;.;1;.;0;0.05;1;1;Various;40;2;1;MULTIPLE;Granados2025;A
67;22;.;.;.;1;.;0;0.05;1;1;Various;40;2;1;MULTIPLE;Granados2025;A
67;23;.;.;.;1;.;0;0.05;1;1;Various;40;2;1;MULTIPLE;Granados2025;A
67;24;;0.12268534;0.12268534;0;.;0;0.05;1;1;Various;40;2;1;MULTIPLE;Granados2025;A
67;24.1;20;.;.;1;.;0;0.05;1;1;Various;40;2;1;MULTIPLE;Granados2025;A
67;24.33;.;7.93467667;7.93467667;0;.;0;0.05;1;1;Various;40;2;1;MULTIPLE;Granados2025;A
68;0;20;.;.;1;.;0;0.05;1;1;GREYHOUND;23;2;1;MULTIPLE;Granados2025;A
68;0.083333333;.;.;.;1;.;0;0.05;1;1;GREYHOUND;23;2;1;MULTIPLE;Granados2025;A
68;0.166666667;.;21.15576796;21.15576796;0;.;0;0.05;1;1;GREYHOUND;23;2;1;MULTIPLE;Granados2025;A
68;0.25;.;.;.;1;.;0;0.05;1;1;GREYHOUND;23;2;1;MULTIPLE;Granados2025;A
68;0.5;.;11.31587586;11.31587586;0;.;0;0.05;1;1;GREYHOUND;23;2;1;MULTIPLE;Granados2025;A
68;1;.;.;.;1;.;0;0.05;1;1;GREYHOUND;23;2;1;MULTIPLE;Granados2025;A
68;1.5;.;3.582949868;3.582949868;0;.;0;0.05;1;1;GREYHOUND;23;2;1;MULTIPLE;Granados2025;A
68;2;.;.;.;1;.;0;0.05;1;1;GREYHOUND;23;2;1;MULTIPLE;Granados2025;A
68;3;.;0.6444547;0.6444547;0;.;0;0.05;1;1;GREYHOUND;23;2;1;MULTIPLE;Granados2025;A
68;4;.;.;.;1;.;0;0.05;1;1;GREYHOUND;23;2;1;MULTIPLE;Granados2025;A
68;6;.;.;.;1;.;0;0.05;1;1;GREYHOUND;23;2;1;MULTIPLE;Granados2025;A
68;8;.;.;.;1;.;0;0.05;1;1;GREYHOUND;23;2;1;MULTIPLE;Granados2025;A
68;8.1;20;.;.;1;.;0;0.05;1;1;GREYHOUND;23;2;1;MULTIPLE;Granados2025;A
68;8.33;.;.;.;1;.;0;0.05;1;1;GREYHOUND;23;2;1;MULTIPLE;Granados2025;A
68;12;.;0.420502835;0.420502835;0;.;0;0.05;1;1;GREYHOUND;23;2;1;MULTIPLE;Granados2025;A
68;16;.;.;.;1;.;0;0.05;1;1;GREYHOUND;23;2;1;MULTIPLE;Granados2025;A
68;16.1;20;.;.;1;.;0;0.05;1;1;GREYHOUND;23;2;1;MULTIPLE;Granados2025;A
68;16.33;.;.;.;1;.;0;0.05;1;1;GREYHOUND;23;2;1;MULTIPLE;Granados2025;A
68;20;.;.;.;1;.;0;0.05;1;1;GREYHOUND;23;2;1;MULTIPLE;Granados2025;A
68;21;.;.;.;1;.;0;0.05;1;1;GREYHOUND;23;2;1;MULTIPLE;Granados2025;A
68;22;.;.;.;1;.;0;0.05;1;1;GREYHOUND;23;2;1;MULTIPLE;Granados2025;A
68;23;.;.;.;1;.;0;0.05;1;1;GREYHOUND;23;2;1;MULTIPLE;Granados2025;A
68;24;;0.168081283;0.168081283;0;.;0;0.05;1;1;GREYHOUND;23;2;1;MULTIPLE;Granados2025;A
68;24.1;20;.;.;1;.;0;0.05;1;1;GREYHOUND;23;2;1;MULTIPLE;Granados2025;A
68;24.33;.;14.6952427;14.6952427;0;.;0;0.05;1;1;GREYHOUND;23;2;1;MULTIPLE;Granados2025;A
69;0;20;.;.;1;.;0;0.05;1;1;Various;15.3;2;1;MULTIPLE;Granados2025;A
69;0.083333333;.;.;.;1;.;0;0.05;1;1;Various;15.3;2;1;MULTIPLE;Granados2025;A
69;0.166666667;.;14.43895939;14.43895939;0;.;0;0.05;1;1;Various;15.3;2;1;MULTIPLE;Granados2025;A
69;0.25;.;.;.;1;.;0;0.05;1;1;Various;15.3;2;1;MULTIPLE;Granados2025;A
69;0.5;.;6.19795247;6.19795247;0;.;0;0.05;1;1;Various;15.3;2;1;MULTIPLE;Granados2025;A
69;1;.;.;.;1;.;0;0.05;1;1;Various;15.3;2;1;MULTIPLE;Granados2025;A
69;1.5;.;2.376315828;2.376315828;0;.;0;0.05;1;1;Various;15.3;2;1;MULTIPLE;Granados2025;A
69;2;.;.;.;1;.;0;0.05;1;1;Various;15.3;2;1;MULTIPLE;Granados2025;A
69;3;.;0.24148953;0.24148953;0;.;0;0.05;1;1;Various;15.3;2;1;MULTIPLE;Granados2025;A
69;4;.;.;.;1;.;0;0.05;1;1;Various;15.3;2;1;MULTIPLE;Granados2025;A
69;6;.;0.151378231;0.151378231;0;.;0;0.05;1;1;Various;15.3;2;1;MULTIPLE;Granados2025;A
69;8;.;.;.;1;.;0;0.05;1;1;Various;15.3;2;1;MULTIPLE;Granados2025;A
69;8.1;20;.;.;1;.;0;0.05;1;1;Various;15.3;2;1;MULTIPLE;Granados2025;A
69;8.33;.;.;.;1;.;0;0.05;1;1;Various;15.3;2;1;MULTIPLE;Granados2025;A
69;12;.;0.175955824;0.175955824;0;.;0;0.05;1;1;Various;15.3;2;1;MULTIPLE;Granados2025;A
69;16;.;.;.;1;.;0;0.05;1;1;Various;15.3;2;1;MULTIPLE;Granados2025;A
69;16.1;20;.;.;1;.;0;0.05;1;1;Various;15.3;2;1;MULTIPLE;Granados2025;A
69;16.33;.;.;.;1;.;0;0.05;1;1;Various;15.3;2;1;MULTIPLE;Granados2025;A
69;20;.;.;.;1;.;0;0.05;1;1;Various;15.3;2;1;MULTIPLE;Granados2025;A
69;21;.;.;.;1;.;0;0.05;1;1;Various;15.3;2;1;MULTIPLE;Granados2025;A
69;22;.;.;.;1;.;0;0.05;1;1;Various;15.3;2;1;MULTIPLE;Granados2025;A
69;23;.;.;.;1;.;0;0.05;1;1;Various;15.3;2;1;MULTIPLE;Granados2025;A
69;24;;0.03101744;0.05;0;0;1;0.05;1;1;Various;15.3;2;1;MULTIPLE;Granados2025;A
69;24.1;20;.;.;1;.;0;0.05;1;1;Various;15.3;2;1;MULTIPLE;Granados2025;A
69;24.33;.;8.5089207;8.5089207;0;.;0;0.05;1;1;Various;15.3;2;1;MULTIPLE;Granados2025;A
70;0;20;.;.;1;.;0;0.05;1;1;GREYHOUND;24;5;1;MULTIPLE;Granados2025;A
70;0.083333333;.;.;.;1;.;0;0.05;1;1;GREYHOUND;24;5;1;MULTIPLE;Granados2025;A
70;0.166666667;.;13.54536076;13.54536076;0;.;0;0.05;1;1;GREYHOUND;24;5;1;MULTIPLE;Granados2025;A
70;0.25;.;.;.;1;.;0;0.05;1;1;GREYHOUND;24;5;1;MULTIPLE;Granados2025;A
70;0.5;.;11.42281008;11.42281008;0;.;0;0.05;1;1;GREYHOUND;24;5;1;MULTIPLE;Granados2025;A
70;1;.;.;.;1;.;0;0.05;1;1;GREYHOUND;24;5;1;MULTIPLE;Granados2025;A
70;1.5;.;5.784864614;5.784864614;0;.;0;0.05;1;1;GREYHOUND;24;5;1;MULTIPLE;Granados2025;A
70;2;.;.;.;1;.;0;0.05;1;1;GREYHOUND;24;5;1;MULTIPLE;Granados2025;A
70;3;.;3.724041132;3.724041132;0;.;0;0.05;1;1;GREYHOUND;24;5;1;MULTIPLE;Granados2025;A
70;4;.;.;.;1;.;0;0.05;1;1;GREYHOUND;24;5;1;MULTIPLE;Granados2025;A
70;6;.;1.99362495;1.99362495;0;.;0;0.05;1;1;GREYHOUND;24;5;1;MULTIPLE;Granados2025;A
70;8;.;.;.;1;.;0;0.05;1;1;GREYHOUND;24;5;1;MULTIPLE;Granados2025;A
70;8.1;20;.;.;1;.;0;0.05;1;1;GREYHOUND;24;5;1;MULTIPLE;Granados2025;A
70;8.33;.;.;.;1;.;0;0.05;1;1;GREYHOUND;24;5;1;MULTIPLE;Granados2025;A
70;12;.;2.021325294;2.021325294;0;.;0;0.05;1;1;GREYHOUND;24;5;1;MULTIPLE;Granados2025;A
70;16;.;.;.;1;.;0;0.05;1;1;GREYHOUND;24;5;1;MULTIPLE;Granados2025;A
70;16.1;20;.;.;1;.;0;0.05;1;1;GREYHOUND;24;5;1;MULTIPLE;Granados2025;A
70;16.33;.;.;.;1;.;0;0.05;1;1;GREYHOUND;24;5;1;MULTIPLE;Granados2025;A
70;20;.;.;.;1;.;0;0.05;1;1;GREYHOUND;24;5;1;MULTIPLE;Granados2025;A
70;21;.;.;.;1;.;0;0.05;1;1;GREYHOUND;24;5;1;MULTIPLE;Granados2025;A
70;22;.;.;.;1;.;0;0.05;1;1;GREYHOUND;24;5;1;MULTIPLE;Granados2025;A
70;23;.;.;.;1;.;0;0.05;1;1;GREYHOUND;24;5;1;MULTIPLE;Granados2025;A
70;24;;0.588093722;0.588093722;1;.;0;0.05;1;1;GREYHOUND;24;5;1;MULTIPLE;Granados2025;A
70;24.1;20;.;.;1;.;0;0.05;1;1;GREYHOUND;24;5;1;MULTIPLE;Granados2025;A
70;24.33;.;12.48615855;12.48615855;0;.;0;0.05;1;1;GREYHOUND;24;5;1;MULTIPLE;Granados2025;A
71;0;20;.;.;1;.;0;0.05;1;1;Various;20;1;1;MULTIPLE;Granados2025;A
71;0.083333333;.;18.10084591;18.10084591;0;.;0;0.05;1;1;Various;20;1;1;MULTIPLE;Granados2025;A
71;0.166666667;.;.;.;1;.;0;0.05;1;1;Various;20;1;1;MULTIPLE;Granados2025;A
71;0.25;.;10.59528758;10.59528758;0;.;0;0.05;1;1;Various;20;1;1;MULTIPLE;Granados2025;A
71;0.5;.;.;.;1;.;0;0.05;1;1;Various;20;1;1;MULTIPLE;Granados2025;A
71;1;.;2.741821647;2.741821647;0;.;0;0.05;1;1;Various;20;1;1;MULTIPLE;Granados2025;A
71;1.5;.;.;.;1;.;0;0.05;1;1;Various;20;1;1;MULTIPLE;Granados2025;A
71;2;.;0.634711103;0.634711103;0;.;0;0.05;1;1;Various;20;1;1;MULTIPLE;Granados2025;A
71;3;.;.;.;1;.;0;0.05;1;1;Various;20;1;1;MULTIPLE;Granados2025;A
71;4;.;0.391863651;0.391863651;0;.;0;0.05;1;1;Various;20;1;1;MULTIPLE;Granados2025;A
71;6;.;.;.;1;.;0;0.05;1;1;Various;20;1;1;MULTIPLE;Granados2025;A
71;8;.;0.127779771;0.127779771;0;.;0;0.05;1;1;Various;20;1;1;MULTIPLE;Granados2025;A
71;8.1;20;.;.;1;.;0;0.05;1;1;Various;20;1;1;MULTIPLE;Granados2025;A
71;8.33;.;10.09256112;10.09256112;0;.;0;0.05;1;1;Various;20;1;1;MULTIPLE;Granados2025;A
71;12;.;0.294699822;0.294699822;0;.;0;0.05;1;1;Various;20;1;1;MULTIPLE;Granados2025;A
71;16;.;.;.;1;.;0;0.05;1;1;Various;20;1;1;MULTIPLE;Granados2025;A
72;0;20;.;.;1;.;0;0.05;1;1;Various;7;1;1;MULTIPLE;Granados2025;A
72;0.083333333;.;14.08615682;14.08615682;0;.;0;0.05;1;1;Various;7;1;1;MULTIPLE;Granados2025;A
72;0.166666667;.;.;.;1;.;0;0.05;1;1;Various;7;1;1;MULTIPLE;Granados2025;A
72;0.25;.;5.11479398;5.11479398;0;.;0;0.05;1;1;Various;7;1;1;MULTIPLE;Granados2025;A
72;0.5;.;.;.;1;.;0;0.05;1;1;Various;7;1;1;MULTIPLE;Granados2025;A
72;1;.;1.978214446;1.978214446;0;.;0;0.05;1;1;Various;7;1;1;MULTIPLE;Granados2025;A
72;1.5;.;.;.;1;.;0;0.05;1;1;Various;7;1;1;MULTIPLE;Granados2025;A
72;2;.;0.715088179;0.715088179;0;.;0;0.05;1;1;Various;7;1;1;MULTIPLE;Granados2025;A
72;3;.;.;.;1;.;0;0.05;1;1;Various;7;1;1;MULTIPLE;Granados2025;A
72;4;.;0.060444389;0.060444389;0;.;0;0.05;1;1;Various;7;1;1;MULTIPLE;Granados2025;A
72;6;.;.;.;1;.;0;0.05;1;1;Various;7;1;1;MULTIPLE;Granados2025;A
72;8;.;0.010688115;0.05;0;0;1;0.05;1;1;Various;7;1;1;MULTIPLE;Granados2025;A
72;8.1;20;.;.;1;.;0;0.05;1;1;Various;7;1;1;MULTIPLE;Granados2025;A
72;8.33;.;11.38678051;11.38678051;0;.;0;0.05;1;1;Various;7;1;1;MULTIPLE;Granados2025;A
72;12;.;0.046093502;0.05;0;0;1;0.05;1;1;Various;7;1;1;MULTIPLE;Granados2025;A
72;16;.;.;.;1;.;0;0.05;1;1;Various;7;1;1;MULTIPLE;Granados2025;A
73;0;20;.;.;1;.;0;0.05;1;1;GREYHOUND;24;5;1;MULTIPLE;Granados2025;A
73;0.083333333;.;.;.;1;.;0;0.05;1;1;GREYHOUND;24;5;1;MULTIPLE;Granados2025;A
73;0.166666667;.;.;.;1;.;0;0.05;1;1;GREYHOUND;24;5;1;MULTIPLE;Granados2025;A
73;0.25;.;20.32456314;20.32456314;0;.;0;0.05;1;1;GREYHOUND;24;5;1;MULTIPLE;Granados2025;A
73;0.5;.;.;.;1;.;0;0.05;1;1;GREYHOUND;24;5;1;MULTIPLE;Granados2025;A
73;1;.;16.21152149;16.21152149;0;.;0;0.05;1;1;GREYHOUND;24;5;1;MULTIPLE;Granados2025;A
73;1.5;.;.;.;1;.;0;0.05;1;1;GREYHOUND;24;5;1;MULTIPLE;Granados2025;A
73;2;.;6.321890003;6.321890003;0;.;0;0.05;1;1;GREYHOUND;24;5;1;MULTIPLE;Granados2025;A
73;3;.;.;.;1;.;0;0.05;1;1;GREYHOUND;24;5;1;MULTIPLE;Granados2025;A
73;4;.;2.025974595;2.025974595;0;.;0;0.05;1;1;GREYHOUND;24;5;1;MULTIPLE;Granados2025;A
73;6;.;.;.;1;.;0;0.05;1;1;GREYHOUND;24;5;1;MULTIPLE;Granados2025;A
73;8;.;.;.;1;.;0;0.05;1;1;GREYHOUND;24;5;1;MULTIPLE;Granados2025;A
73;8.1;20;.;.;1;.;0;0.05;1;1;GREYHOUND;24;5;1;MULTIPLE;Granados2025;A
73;8.33;.;.;.;1;.;0;0.05;1;1;GREYHOUND;24;5;1;MULTIPLE;Granados2025;A
73;12;.;.;.;1;.;0;0.05;1;1;GREYHOUND;24;5;1;MULTIPLE;Granados2025;A
73;16;.;1.78654;1.78654;0;.;0;0.05;1;1;GREYHOUND;24;5;1;MULTIPLE;Granados2025;A
73;16.1;20;.;.;1;.;0;0.05;1;1;GREYHOUND;24;5;1;MULTIPLE;Granados2025;A
73;16.33;.;.;.;1;.;0;0.05;1;1;GREYHOUND;24;5;1;MULTIPLE;Granados2025;A
73;20;.;.;.;1;.;0;0.05;1;1;GREYHOUND;24;5;1;MULTIPLE;Granados2025;A
73;21;.;.;.;1;.;0;0.05;1;1;GREYHOUND;24;5;1;MULTIPLE;Granados2025;A
73;22;.;.;.;1;.;0;0.05;1;1;GREYHOUND;24;5;1;MULTIPLE;Granados2025;A
73;23;.;.;.;1;.;0;0.05;1;1;GREYHOUND;24;5;1;MULTIPLE;Granados2025;A
73;24;;0.30187371;0.30187371;0;.;0;0.05;1;1;GREYHOUND;24;5;1;MULTIPLE;Granados2025;A
73;24.1;20;.;.;1;.;0;0.05;1;1;GREYHOUND;24;5;1;MULTIPLE;Granados2025;A
73;24.33;.;.;.;1;.;0;0.05;1;1;GREYHOUND;24;5;1;MULTIPLE;Granados2025;A
74;0;20;.;.;1;.;0;0.05;1;1;Various;15.3;2;1;MULTIPLE;Granados2025;A
74;0.083333333;.;.;.;1;.;0;0.05;1;1;Various;15.3;2;1;MULTIPLE;Granados2025;A
74;0.166666667;.;15.48968519;15.48968519;0;.;0;0.05;1;1;Various;15.3;2;1;MULTIPLE;Granados2025;A
74;0.25;.;.;.;1;.;0;0.05;1;1;Various;15.3;2;1;MULTIPLE;Granados2025;A
74;0.5;.;4.426908926;4.426908926;0;.;0;0.05;1;1;Various;15.3;2;1;MULTIPLE;Granados2025;A
74;1;.;.;.;1;.;0;0.05;1;1;Various;15.3;2;1;MULTIPLE;Granados2025;A
74;1.5;.;1.2682991;1.2682991;0;.;0;0.05;1;1;Various;15.3;2;1;MULTIPLE;Granados2025;A
74;2;.;.;.;1;.;0;0.05;1;1;Various;15.3;2;1;MULTIPLE;Granados2025;A
74;3;.;0.346536609;0.346536609;0;.;0;0.05;1;1;Various;15.3;2;1;MULTIPLE;Granados2025;A
74;4;.;.;.;1;.;0;0.05;1;1;Various;15.3;2;1;MULTIPLE;Granados2025;A
74;6;.;0.1058365;0.1058365;0;.;0;0.05;1;1;Various;15.3;2;1;MULTIPLE;Granados2025;A
74;8;.;.;.;1;.;0;0.05;1;1;Various;15.3;2;1;MULTIPLE;Granados2025;A
74;8.1;20;.;.;1;.;0;0.05;1;1;Various;15.3;2;1;MULTIPLE;Granados2025;A
74;8.33;.;.;.;1;.;0;0.05;1;1;Various;15.3;2;1;MULTIPLE;Granados2025;A
74;12;.;0.130778885;0.130778885;0;.;0;0.05;1;1;Various;15.3;2;1;MULTIPLE;Granados2025;A
74;16;.;.;.;1;.;0;0.05;1;1;Various;15.3;2;1;MULTIPLE;Granados2025;A
74;16.1;20;.;.;1;.;0;0.05;1;1;Various;15.3;2;1;MULTIPLE;Granados2025;A
74;16.33;.;.;.;1;.;0;0.05;1;1;Various;15.3;2;1;MULTIPLE;Granados2025;A
74;20;.;.;.;1;.;0;0.05;1;1;Various;15.3;2;1;MULTIPLE;Granados2025;A
74;21;.;.;.;1;.;0;0.05;1;1;Various;15.3;2;1;MULTIPLE;Granados2025;A
74;22;.;.;.;1;.;0;0.05;1;1;Various;15.3;2;1;MULTIPLE;Granados2025;A
74;23;.;.;.;1;.;0;0.05;1;1;Various;15.3;2;1;MULTIPLE;Granados2025;A
74;24;;0.100868967;0.100868967;0;.;0;0.05;1;1;Various;15.3;2;1;MULTIPLE;Granados2025;A
74;24.1;20;.;.;1;.;0;0.05;1;1;Various;15.3;2;1;MULTIPLE;Granados2025;A
74;24.33;.;8.90346076;8.90346076;0;.;0;0.05;1;1;Various;15.3;2;1;MULTIPLE;Granados2025;A
75;0;20;.;.;1;.;0;0.05;1;1;GREYHOUND;17.4;2;1;MULTIPLE;Granados2025;A
75;0.083333333;.;.;.;1;.;0;0.05;1;1;GREYHOUND;17.4;2;1;MULTIPLE;Granados2025;A
75;0.166666667;.;23.0178513;23.0178513;0;.;0;0.05;1;1;GREYHOUND;17.4;2;1;MULTIPLE;Granados2025;A
75;0.25;.;.;.;1;.;0;0.05;1;1;GREYHOUND;17.4;2;1;MULTIPLE;Granados2025;A
75;0.5;.;.;.;1;.;0;0.05;1;1;GREYHOUND;17.4;2;1;MULTIPLE;Granados2025;A
75;1;.;16.31856055;16.31856055;0;.;0;0.05;1;1;GREYHOUND;17.4;2;1;MULTIPLE;Granados2025;A
75;1.5;.;11.71071843;11.71071843;0;.;0;0.05;1;1;GREYHOUND;17.4;2;1;MULTIPLE;Granados2025;A
75;2;.;7.555288336;7.555288336;0;.;0;0.05;1;1;GREYHOUND;17.4;2;1;MULTIPLE;Granados2025;A
75;3;.;5.013844113;5.013844113;0;.;0;0.05;1;1;GREYHOUND;17.4;2;1;MULTIPLE;Granados2025;A
75;4;.;.;.;1;.;0;0.05;1;1;GREYHOUND;17.4;2;1;MULTIPLE;Granados2025;A
75;6;.;.;.;1;.;0;0.05;1;1;GREYHOUND;17.4;2;1;MULTIPLE;Granados2025;A
75;8;.;.;.;1;.;0;0.05;1;1;GREYHOUND;17.4;2;1;MULTIPLE;Granados2025;A
75;8.1;20;.;.;1;.;0;0.05;1;1;GREYHOUND;17.4;2;1;MULTIPLE;Granados2025;A
75;8.33;.;.;.;1;.;0;0.05;1;1;GREYHOUND;17.4;2;1;MULTIPLE;Granados2025;A
75;12;.;.;.;1;.;0;0.05;1;1;GREYHOUND;17.4;2;1;MULTIPLE;Granados2025;A
75;16;.;.;.;1;.;0;0.05;1;1;GREYHOUND;17.4;2;1;MULTIPLE;Granados2025;A
75;16.1;20;.;.;1;.;0;0.05;1;1;GREYHOUND;17.4;2;1;MULTIPLE;Granados2025;A
75;16.33;.;.;.;1;.;0;0.05;1;1;GREYHOUND;17.4;2;1;MULTIPLE;Granados2025;A
75;20;.;.;.;1;.;0;0.05;1;1;GREYHOUND;17.4;2;1;MULTIPLE;Granados2025;A
75;21;.;.;.;1;.;0;0.05;1;1;GREYHOUND;17.4;2;1;MULTIPLE;Granados2025;A
75;22;.;.;.;1;.;0;0.05;1;1;GREYHOUND;17.4;2;1;MULTIPLE;Granados2025;A
75;23;.;.;.;1;.;0;0.05;1;1;GREYHOUND;17.4;2;1;MULTIPLE;Granados2025;A
75;24;;0.801939218;0.801939218;0;.;0;0.05;1;1;GREYHOUND;17.4;2;1;MULTIPLE;Granados2025;A
75;24.1;20;.;.;1;.;0;0.05;1;1;GREYHOUND;17.4;2;1;MULTIPLE;Granados2025;A
75;24.33;.;16.32486632;16.32486632;0;.;0;0.05;1;1;GREYHOUND;17.4;2;1;MULTIPLE;Granados2025;A
76;0;20;.;.;1;.;0;0.05;1;1;GREYHOUND;16.6;2;1;MULTIPLE;Granados2025;A
76;0.083333333;.;20.45492363;20.45492363;0;.;0;0.05;1;1;GREYHOUND;16.6;2;1;MULTIPLE;Granados2025;A
76;0.166666667;.;18.87742424;18.87742424;0;.;0;0.05;1;1;GREYHOUND;16.6;2;1;MULTIPLE;Granados2025;A
76;0.25;.;17.73536388;17.73536388;0;.;0;0.05;1;1;GREYHOUND;16.6;2;1;MULTIPLE;Granados2025;A
76;0.5;.;14.35713523;14.35713523;0;.;0;0.05;1;1;GREYHOUND;16.6;2;1;MULTIPLE;Granados2025;A
76;1;.;9.051636835;9.051636835;0;.;0;0.05;1;1;GREYHOUND;16.6;2;1;MULTIPLE;Granados2025;A
76;1.5;.;7.677437227;7.677437227;0;.;0;0.05;1;1;GREYHOUND;16.6;2;1;MULTIPLE;Granados2025;A
76;2;.;4.441117135;4.441117135;0;.;0;0.05;1;1;GREYHOUND;16.6;2;1;MULTIPLE;Granados2025;A
76;3;.;3.308262897;3.308262897;0;.;0;0.05;1;1;GREYHOUND;16.6;2;1;MULTIPLE;Granados2025;A
76;4;.;0.360464685;0.360464685;0;.;0;0.05;1;1;GREYHOUND;16.6;2;1;MULTIPLE;Granados2025;A
76;6;.;0.648942094;0.648942094;0;.;0;0.05;1;1;GREYHOUND;16.6;2;1;MULTIPLE;Granados2025;A
76;8;.;0.464366759;0.464366759;0;.;0;0.05;1;1;GREYHOUND;16.6;2;1;MULTIPLE;Granados2025;A
76;8.1;20;.;.;1;.;0;0.05;1;1;GREYHOUND;16.6;2;1;MULTIPLE;Granados2025;A
76;8.33;.;18.35496654;18.35496654;0;.;0;0.05;1;1;GREYHOUND;16.6;2;1;MULTIPLE;Granados2025;A
76;12;.;1.920289352;1.920289352;0;.;0;0.05;1;1;GREYHOUND;16.6;2;1;MULTIPLE;Granados2025;A
76;16;.;0.843229532;0.843229532;0;.;0;0.05;1;1;GREYHOUND;16.6;2;1;MULTIPLE;Granados2025;A
76;16.1;20;.;.;1;.;0;0.05;1;1;GREYHOUND;16.6;2;1;MULTIPLE;Granados2025;A
76;16.33;.;16.25440653;16.25440653;0;.;0;0.05;1;1;GREYHOUND;16.6;2;1;MULTIPLE;Granados2025;A
76;20;.;1.549205257;1.549205257;0;.;0;0.05;1;1;GREYHOUND;16.6;2;1;MULTIPLE;Granados2025;A
76;21;.;2.040725091;2.040725091;0;.;0;0.05;1;1;GREYHOUND;16.6;2;1;MULTIPLE;Granados2025;A
76;22;.;0.750587297;0.750587297;0;.;0;0.05;1;1;GREYHOUND;16.6;2;1;MULTIPLE;Granados2025;A
76;23;.;0.592685284;0.592685284;0;.;0;0.05;1;1;GREYHOUND;16.6;2;1;MULTIPLE;Granados2025;A
76;24;;0.344460536;0.344460536;0;.;0;0.05;1;1;GREYHOUND;16.6;2;1;MULTIPLE;Granados2025;A
76;24.1;20;.;.;1;.;0;0.05;1;1;GREYHOUND;16.6;2;1;MULTIPLE;Granados2025;A
76;24.33;.;.;.;1;.;0;0.05;1;1;GREYHOUND;16.6;2;1;MULTIPLE;Granados2025;A
77;0;20;.;.;1;.;0;0.05;1;1;GREYHOUND;18.5;2;1;MULTIPLE;Granados2025;A
77;0.083333333;.;26.47461242;26.47461242;0;.;0;0.05;1;1;GREYHOUND;18.5;2;1;MULTIPLE;Granados2025;A
77;0.166666667;.;20.00662386;20.00662386;0;.;0;0.05;1;1;GREYHOUND;18.5;2;1;MULTIPLE;Granados2025;A
77;0.25;.;23.81713437;23.81713437;0;.;0;0.05;1;1;GREYHOUND;18.5;2;1;MULTIPLE;Granados2025;A
77;0.5;.;16.48870111;16.48870111;0;.;0;0.05;1;1;GREYHOUND;18.5;2;1;MULTIPLE;Granados2025;A
77;1;.;8.98872123;8.98872123;0;.;0;0.05;1;1;GREYHOUND;18.5;2;1;MULTIPLE;Granados2025;A
77;1.5;.;4.24708062;4.24708062;0;.;0;0.05;1;1;GREYHOUND;18.5;2;1;MULTIPLE;Granados2025;A
77;2;.;3.055304287;3.055304287;0;.;0;0.05;1;1;GREYHOUND;18.5;2;1;MULTIPLE;Granados2025;A
77;3;.;0.698153932;0.698153932;0;.;0;0.05;1;1;GREYHOUND;18.5;2;1;MULTIPLE;Granados2025;A
77;4;.;0.236345199;0.236345199;0;.;0;0.05;1;1;GREYHOUND;18.5;2;1;MULTIPLE;Granados2025;A
77;6;.;0.213057494;0.213057494;0;.;0;0.05;1;1;GREYHOUND;18.5;2;1;MULTIPLE;Granados2025;A
77;8;.;0.363862143;0.363862143;0;.;0;0.05;1;1;GREYHOUND;18.5;2;1;MULTIPLE;Granados2025;A
77;8.1;20;.;.;1;.;0;0.05;1;1;GREYHOUND;18.5;2;1;MULTIPLE;Granados2025;A
77;8.33;.;24.56100073;24.56100073;0;.;0;0.05;1;1;GREYHOUND;18.5;2;1;MULTIPLE;Granados2025;A
77;12;.;0.744983184;0.744983184;0;.;0;0.05;1;1;GREYHOUND;18.5;2;1;MULTIPLE;Granados2025;A
77;16;.;0.268655525;0.268655525;0;.;0;0.05;1;1;GREYHOUND;18.5;2;1;MULTIPLE;Granados2025;A
77;16.1;20;.;.;1;.;0;0.05;1;1;GREYHOUND;18.5;2;1;MULTIPLE;Granados2025;A
77;16.33;.;19.76147258;19.76147258;0;.;0;0.05;1;1;GREYHOUND;18.5;2;1;MULTIPLE;Granados2025;A
77;20;.;0.476431376;0.476431376;0;.;0;0.05;1;1;GREYHOUND;18.5;2;1;MULTIPLE;Granados2025;A
77;21;.;0.35489146;0.35489146;0;.;0;0.05;1;1;GREYHOUND;18.5;2;1;MULTIPLE;Granados2025;A
77;22;.;0.29236275;0.29236275;0;.;0;0.05;1;1;GREYHOUND;18.5;2;1;MULTIPLE;Granados2025;A
77;23;.;0.25390175;0.25390175;0;.;0;0.05;1;1;GREYHOUND;18.5;2;1;MULTIPLE;Granados2025;A
77;24;;0.191315918;0.191315918;0;.;0;0.05;1;1;GREYHOUND;18.5;2;1;MULTIPLE;Granados2025;A
77;24.1;20;.;.;1;.;0;0.05;1;1;GREYHOUND;18.5;2;1;MULTIPLE;Granados2025;A
77;24.33;.;21.27132022;21.27132022;0;.;0;0.05;1;1;GREYHOUND;18.5;2;1;MULTIPLE;Granados2025;A
